File,PID,mods_titleInfo_title_ms,RELS_EXT_isMemberOfCollection_uri_ms,RELS_EXT_hasModel_uri_ms,fedora_datastream_info_HOCR_ID_ms,fedora_datastream_info_JP2_ID_ms,fedora_datastream_info_TRANSCRIPT_ID_ms,Num_Pages
pitt_collection_1_test.csv,pitt:aud0167,Key-west Dove; Key West Quail-Dove,collection.1|collection.153,sp_large_image_cmodel,,JP2,,0
pitt_collection_1_test.csv,pitt:aud0224,Kittiwake Gull; Black-legged Kittiwake,collection.1|collection.153,sp_large_image_cmodel,,JP2,,0
pitt_collection_1_test.csv,pitt:31735056284734-0442,,,pageCModel,HOCR,JP2,,0
pitt_collection_1_test.csv,pitt:31735056284734-0455,,,pageCModel,HOCR,JP2,,0
pitt_collection_1_test.csv,pitt:31735056284726-0331,,,pageCModel,HOCR,JP2,,0
pitt_collection_1_test.csv,pitt:31735056284726-0376,,,pageCModel,HOCR,JP2,,0
pitt_collection_1_test.csv,pitt:31735056284734-0193,,,pageCModel,HOCR,JP2,,0
pitt_collection_1_test.csv,pitt:31735056284775-0606,,,pageCModel,HOCR,JP2,,0
pitt_collection_1_test.csv,pitt:31735056284767-0363,,,pageCModel,HOCR,JP2,,0
pitt_collection_1_test.csv,pitt:31735056284775-0451,,,pageCModel,HOCR,JP2,,0
pitt_collection_1_test.csv,pitt:31735056284775-0534,,,pageCModel,HOCR,JP2,,0
pitt_collection_1_test.csv,pitt:31735056284882-0023,,,pageCModel,HOCR,JP2,,0
pitt_collection_1_test.csv,pitt:31735056284882-0064,,,pageCModel,HOCR,JP2,,0
pitt_collection_1_test.csv,pitt:31735056284882-0322,,,pageCModel,HOCR,JP2,,0
pitt_collection_1_test.csv,pitt:aud0170,Gray Tyrant; Gray Kingbird,collection.1|collection.153,sp_large_image_cmodel,,JP2,,0
pitt_collection_1_test.csv,pitt:31735056284734-0325,,,pageCModel,HOCR,JP2,,0
pitt_collection_1_test.csv,pitt:31735056284767-0154,,,pageCModel,HOCR,JP2,,0
pitt_collection_1_test.csv,pitt:31735056284726-0352,,,pageCModel,HOCR,JP2,,0
pitt_collection_1_test.csv,pitt:31735056284734-0092,,,pageCModel,HOCR,JP2,,0
pitt_collection_1_test.csv,pitt:31735056284734-0417,,,pageCModel,HOCR,JP2,,0
pitt_collection_1_test.csv,pitt:31735056284734-0474,,,pageCModel,HOCR,JP2,,0
pitt_collection_1_test.csv,pitt:31735056284767-0211,,,pageCModel,HOCR,JP2,,0
pitt_collection_1_test.csv,pitt:31735056284767-0643,,,pageCModel,HOCR,JP2,,0
pitt_collection_1_test.csv,pitt:31735056284775-0079,,,pageCModel,HOCR,JP2,,0
pitt_collection_1_test.csv,pitt:31735056284775-0280,,,pageCModel,HOCR,JP2,,0
pitt_collection_1_test.csv,pitt:31735056284882-0075,,,pageCModel,HOCR,JP2,,0
pitt_collection_1_test.csv,pitt:31735056284726-0362,,,pageCModel,HOCR,JP2,,0
pitt_collection_1_test.csv,pitt:31735056284726-0554,,,pageCModel,HOCR,JP2,,0
pitt_collection_1_test.csv,pitt:31735056284882-0289,,,pageCModel,HOCR,JP2,,0
pitt_collection_1_test.csv,pitt:31735056284882-0293,,,pageCModel,HOCR,JP2,,0
pitt_collection_1_test.csv,pitt:31735056284882-0300,,,pageCModel,HOCR,JP2,,0
pitt_collection_1_test.csv,pitt:31735056284882-0377,,,pageCModel,HOCR,JP2,,0
pitt_collection_1_test.csv,pitt:31735056284882-0526,,,pageCModel,HOCR,JP2,,0
pitt_collection_1_test.csv,pitt:31735056284726-0211,,,pageCModel,HOCR,JP2,,0
pitt_collection_1_test.csv,pitt:31735056284734-0478,,,pageCModel,HOCR,JP2,,0
pitt_collection_1_test.csv,pitt:31735056284767-0168,,,pageCModel,HOCR,JP2,,0
pitt_collection_1_test.csv,pitt:31735056284775-0122,,,pageCModel,HOCR,JP2,,0
pitt_collection_1_test.csv,pitt:31735056284775-0244,,,pageCModel,HOCR,JP2,,0
pitt_collection_1_test.csv,pitt:31735056284775-0320,,,pageCModel,HOCR,JP2,,0
pitt_collection_1_test.csv,pitt:31735056284767-0657,,,pageCModel,HOCR,JP2,,0
pitt_collection_1_test.csv,pitt:31735056284775-0508,,,pageCModel,HOCR,JP2,,0
pitt_collection_1_test.csv,pitt:31735056284775-0523,,,pageCModel,HOCR,JP2,,0
pitt_collection_1_test.csv,pitt:31735056284882-0048,,,pageCModel,HOCR,JP2,,0
pitt_collection_1_test.csv,pitt:31735056284775-0011,,,pageCModel,HOCR,JP2,,0
pitt_collection_1_test.csv,pitt:31735056284775-0031,,,pageCModel,HOCR,JP2,,0
pitt_collection_1_test.csv,pitt:31735056284882-0501,,,pageCModel,HOCR,JP2,,0
pitt_collection_1_test.csv,pitt:31735056284726-0188,,,pageCModel,HOCR,JP2,,0
pitt_collection_1_test.csv,pitt:31735056284726-0561,,,pageCModel,HOCR,JP2,,0
pitt_collection_1_test.csv,pitt:31735056284734-0138,,,pageCModel,HOCR,JP2,,0
pitt_collection_1_test.csv,pitt:31735056284734-0225,,,pageCModel,HOCR,JP2,,0
pitt_collection_1_test.csv,pitt:31735056284775-0041,,,pageCModel,HOCR,JP2,,0
pitt_collection_1_test.csv,pitt:aud0050,Black & Yellow Warbler; Magnolia Warbler,collection.1|collection.153,sp_large_image_cmodel,,JP2,,0
pitt_collection_1_test.csv,pitt:aud0305,Purple Gallinule,collection.1|collection.153,sp_large_image_cmodel,,JP2,,0
pitt_collection_1_test.csv,pitt:31735056284734-0641,,,pageCModel,HOCR,JP2,,0
pitt_collection_1_test.csv,pitt:31735056284734-0585,,,pageCModel,HOCR,JP2,,0
pitt_collection_1_test.csv,pitt:aud0399,I. Black-throated green Warbler; 2. Blackburnian; 3. Mourning Warbler; I. Blackburnian Warbler; 3. MacGillivray's Warbler,collection.1|collection.153,sp_large_image_cmodel,,JP2,,0
pitt_collection_1_test.csv,pitt:31735056284775-0626,,,pageCModel,HOCR,JP2,,0
pitt_collection_1_test.csv,pitt:31735056284767-0704,,,pageCModel,HOCR,JP2,,0
pitt_collection_1_test.csv,pitt:31735056284775-0042,,,pageCModel,HOCR,JP2,,0
pitt_collection_1_test.csv,pitt:31735056284775-0257,,,pageCModel,HOCR,JP2,,0
pitt_collection_1_test.csv,pitt:31735056284775-0587,,,pageCModel,HOCR,JP2,,0
pitt_collection_1_test.csv,pitt:31735056284734-0167,,,pageCModel,HOCR,JP2,,0
pitt_collection_1_test.csv,pitt:31735056284734-0551,,,pageCModel,HOCR,JP2,,0
pitt_collection_1_test.csv,pitt:31735056284767-0294,,,pageCModel,HOCR,JP2,,0
pitt_collection_1_test.csv,pitt:31735056284767-0443,,,pageCModel,HOCR,JP2,,0
pitt_collection_1_test.csv,pitt:31735056284726-0060,,,pageCModel,HOCR,JP2,,0
pitt_collection_1_test.csv,pitt:31735056284726-0101,,,pageCModel,HOCR,JP2,,0
pitt_collection_1_test.csv,pitt:31735056284726-0143,,,pageCModel,HOCR,JP2,,0
pitt_collection_1_test.csv,pitt:31735056284726-0167,,,pageCModel,HOCR,JP2,,0
pitt_collection_1_test.csv,pitt:31735056284726-0277,,,pageCModel,HOCR,JP2,,0
pitt_collection_1_test.csv,pitt:31735056284726-0597,,,pageCModel,HOCR,JP2,,0
pitt_collection_1_test.csv,pitt:31735056284882-0128,,,pageCModel,HOCR,JP2,,0
pitt_collection_1_test.csv,pitt:31735056284882-0258,,,pageCModel,HOCR,JP2,,0
pitt_collection_1_test.csv,pitt:aud0433,"I. Bullock's Oriole; 2. Baltimore Oriole; 3. Mexican Goldfinch; 4. Varied Thrush; 5. Common Water Thrush; I.\, 2. Northern Oriole; 3. Lesser Goldfinch; 5. Northern Water Thrush",collection.1|collection.153,sp_large_image_cmodel,,JP2,,0
pitt_collection_1_test.csv,pitt:aud0166,Rough-legged Falcon; Rough-legged Hawk,collection.1|collection.153,sp_large_image_cmodel,,JP2,,0
pitt_collection_1_test.csv,pitt:31735056284767-0530,,,pageCModel,HOCR,JP2,,0
pitt_collection_1_test.csv,pitt:31735056284775-0086,,,pageCModel,HOCR,JP2,,0
pitt_collection_1_test.csv,pitt:31735056284775-0281,,,pageCModel,HOCR,JP2,,0
pitt_collection_1_test.csv,pitt:31735056284775-0477,,,pageCModel,HOCR,JP2,,0
pitt_collection_1_test.csv,pitt:31735056284882-0120,,,pageCModel,HOCR,JP2,,0
pitt_collection_1_test.csv,pitt:31735056284734-0352,,,pageCModel,HOCR,JP2,,0
pitt_collection_1_test.csv,pitt:31735056284767-0037,,,pageCModel,HOCR,JP2,,0
pitt_collection_1_test.csv,pitt:31735056284767-0120,,,pageCModel,HOCR,JP2,,0
pitt_collection_1_test.csv,pitt:31735056284734-0073,,,pageCModel,HOCR,JP2,,0
pitt_collection_1_test.csv,pitt:31735056284734-0144,,,pageCModel,HOCR,JP2,,0
pitt_collection_1_test.csv,pitt:31735056284734-0196,,,pageCModel,HOCR,JP2,,0
pitt_collection_1_test.csv,pitt:31735056284734-0256,,,pageCModel,HOCR,JP2,,0
pitt_collection_1_test.csv,pitt:31735056284882-0274,,,pageCModel,HOCR,JP2,,0
pitt_collection_1_test.csv,pitt:31735056284882-0338,,,pageCModel,HOCR,JP2,,0
pitt_collection_1_test.csv,pitt:31735056284882-0427,,,pageCModel,HOCR,JP2,,0
pitt_collection_1_test.csv,pitt:31735056284775-0480,,,pageCModel,HOCR,JP2,,0
pitt_collection_1_test.csv,pitt:31735056284775-0572,,,pageCModel,HOCR,JP2,,0
pitt_collection_1_test.csv,pitt:31735056284775-0595,,,pageCModel,HOCR,JP2,,0
pitt_collection_1_test.csv,pitt:31735056284726-0166,,,pageCModel,HOCR,JP2,,0
pitt_collection_1_test.csv,pitt:31735056284726-0606,,,pageCModel,HOCR,JP2,,0
pitt_collection_1_test.csv,pitt:aud0275,Noddy Tern; Brown Noddy or Noddy Tern,collection.1|collection.153,sp_large_image_cmodel,,JP2,,0
pitt_collection_1_test.csv,pitt:aud0429,Western Duck; Steller's Eider,collection.1|collection.153,sp_large_image_cmodel,,JP2,,0
pitt_collection_1_test.csv,pitt:aud0420,Prairie Starling; Red-winged Blackbird,collection.1|collection.153,sp_large_image_cmodel,,JP2,,0
pitt_collection_1_test.csv,pitt:aud0053,Painted Finch; Painted Bunting,collection.1|collection.153,sp_large_image_cmodel,,JP2,,0
pitt_collection_1_test.csv,pitt:aud0318,American Avocet,collection.1|collection.153,sp_large_image_cmodel,,JP2,,0
pitt_collection_1_test.csv,pitt:31735056284767-0710,,,pageCModel,HOCR,JP2,,0
pitt_collection_1_test.csv,pitt:31735056284775-0504,,,pageCModel,HOCR,JP2,,0
pitt_collection_1_test.csv,pitt:31735056284726-0090,,,pageCModel,HOCR,JP2,,0
pitt_collection_1_test.csv,pitt:31735056284734-0342,,,pageCModel,HOCR,JP2,,0
pitt_collection_1_test.csv,pitt:31735056284734-0350,,,pageCModel,HOCR,JP2,,0
pitt_collection_1_test.csv,pitt:31735056284734-0383,,,pageCModel,HOCR,JP2,,0
pitt_collection_1_test.csv,pitt:31735056284882-0122,,,pageCModel,HOCR,JP2,,0
pitt_collection_1_test.csv,pitt:31735056284734-0643,,,pageCModel,HOCR,JP2,,0
pitt_collection_1_test.csv,pitt:31735056284734-0659,,,pageCModel,HOCR,JP2,,0
pitt_collection_1_test.csv,pitt:31735056284767-0540,,,pageCModel,HOCR,JP2,,0
pitt_collection_1_test.csv,pitt:31735056284767-0688,,,pageCModel,HOCR,JP2,,0
pitt_collection_1_test.csv,pitt:aud0411,Common American Swan; Tundra Swan,collection.1|collection.153,sp_large_image_cmodel,,JP2,,0
pitt_collection_1_test.csv,pitt:31735056284726-0145,,,pageCModel,HOCR,JP2,,0
pitt_collection_1_test.csv,pitt:31735056284775-0455,,,pageCModel,HOCR,JP2,,0
pitt_collection_1_test.csv,pitt:31735056284726-0208,,,pageCModel,HOCR,JP2,,0
pitt_collection_1_test.csv,pitt:31735056284726-0460,,,pageCModel,HOCR,JP2,,0
pitt_collection_1_test.csv,pitt:31735056284726-0539,,,pageCModel,HOCR,JP2,,0
pitt_collection_1_test.csv,pitt:31735056284734-0077,,,pageCModel,HOCR,JP2,,0
pitt_collection_1_test.csv,pitt:31735056284767-0297,,,pageCModel,HOCR,JP2,,0
pitt_collection_1_test.csv,pitt:31735056284775-0159,,,pageCModel,HOCR,JP2,,0
pitt_collection_1_test.csv,pitt:31735056284775-0403,,,pageCModel,HOCR,JP2,,0
pitt_collection_1_test.csv,pitt:31735056284734-0216,,,pageCModel,HOCR,JP2,,0
pitt_collection_1_test.csv,pitt:31735056284734-0501,,,pageCModel,HOCR,JP2,,0
pitt_collection_1_test.csv,pitt:31735056284734-0540,,,pageCModel,HOCR,JP2,,0
pitt_collection_1_test.csv,pitt:31735056284734-0648,,,pageCModel,HOCR,JP2,,0
pitt_collection_1_test.csv,pitt:31735056284767-0061,,,pageCModel,HOCR,JP2,,0
pitt_collection_1_test.csv,pitt:31735056284775-0254,,,pageCModel,HOCR,JP2,,0
pitt_collection_1_test.csv,pitt:31735056284882-0060,,,pageCModel,HOCR,JP2,,0
pitt_collection_1_test.csv,pitt:31735056284734-0625,,,pageCModel,HOCR,JP2,,0
pitt_collection_1_test.csv,pitt:31735056284726-0619,,,pageCModel,HOCR,JP2,,0
pitt_collection_1_test.csv,pitt:31735056284734-0194,,,pageCModel,HOCR,JP2,,0
pitt_collection_1_test.csv,pitt:aud0143,Golden-crowned Thrush; Ovenbird,collection.1|collection.153,sp_large_image_cmodel,,JP2,,0
pitt_collection_1_test.csv,pitt:aud0221,Mallard Duck; Mallard,collection.1|collection.153,sp_large_image_cmodel,,JP2,,0
pitt_collection_1_test.csv,pitt:31735056284767-0226,,,pageCModel,HOCR,JP2,,0
pitt_collection_1_test.csv,pitt:31735056284775-0080,,,pageCModel,HOCR,JP2,,0
pitt_collection_1_test.csv,pitt:31735056284775-0578,,,pageCModel,HOCR,JP2,,0
pitt_collection_1_test.csv,pitt:31735056284726-0558,,,pageCModel,HOCR,JP2,,0
pitt_collection_1_test.csv,pitt:31735056284734-0198,,,pageCModel,HOCR,JP2,,0
pitt_collection_1_test.csv,pitt:31735056284882-0513,,,pageCModel,HOCR,JP2,,0
pitt_collection_1_test.csv,pitt:31735056284882-0517,,,pageCModel,HOCR,JP2,,0
pitt_collection_1_test.csv,pitt:31735056284882-0532,,,pageCModel,HOCR,JP2,,0
pitt_collection_1_test.csv,pitt:31735056284882-0213,,,pageCModel,HOCR,JP2,,0
pitt_collection_1_test.csv,pitt:31735056284882-0467,,,pageCModel,HOCR,JP2,,0
pitt_collection_1_test.csv,pitt:31735056284775-0521,,,pageCModel,HOCR,JP2,,0
pitt_collection_1_test.csv,pitt:31735056284882-0165,,,pageCModel,HOCR,JP2,,0
pitt_collection_1_test.csv,pitt:31735056284767-0326,,,pageCModel,HOCR,JP2,,0
pitt_collection_1_test.csv,pitt:31735056284767-0341,,,pageCModel,HOCR,JP2,,0
pitt_collection_1_test.csv,pitt:31735056284767-0645,,,pageCModel,HOCR,JP2,,0
pitt_collection_1_test.csv,pitt:31735056284775-0392,,,pageCModel,HOCR,JP2,,0
pitt_collection_1_test.csv,pitt:31735056284726-0302,,,pageCModel,HOCR,JP2,,0
pitt_collection_1_test.csv,pitt:31735056284726-0586,,,pageCModel,HOCR,JP2,,0
pitt_collection_1_test.csv,pitt:31735056284734-0104,,,pageCModel,HOCR,JP2,,0
pitt_collection_1_test.csv,pitt:31735056284734-0526,,,pageCModel,HOCR,JP2,,0
pitt_collection_1_test.csv,pitt:31735056284882-0053,,,pageCModel,HOCR,JP2,,0
pitt_collection_1_test.csv,pitt:31735056284882-0368,,,pageCModel,HOCR,JP2,,0
pitt_collection_1_test.csv,pitt:31735056284882-0454,,,pageCModel,HOCR,JP2,,0
pitt_collection_1_test.csv,pitt:aud0369,I. Mountain Mocking bird; 2. Varied Thrush; I. Sage Thrasher,collection.1|collection.153,sp_large_image_cmodel,,JP2,,0
pitt_collection_1_test.csv,pitt:aud0163,Palm Warbler,collection.1|collection.153,sp_large_image_cmodel,,JP2,,0
pitt_collection_1_test.csv,pitt:31735056284882-0271,,,pageCModel,HOCR,JP2,,0
pitt_collection_1_test.csv,pitt:31735056284882-0361,,,pageCModel,HOCR,JP2,,0
pitt_collection_1_test.csv,pitt:31735056284775-0148,,,pageCModel,HOCR,JP2,,0
pitt_collection_1_test.csv,pitt:31735056284734-0457,,,pageCModel,HOCR,JP2,,0
pitt_collection_1_test.csv,pitt:31735056284734-0573,,,pageCModel,HOCR,JP2,,0
pitt_collection_1_test.csv,pitt:31735056284734-0581,,,pageCModel,HOCR,JP2,,0
pitt_collection_1_test.csv,pitt:31735056284734-0647,,,pageCModel,HOCR,JP2,,0
pitt_collection_1_test.csv,pitt:31735056284767-0279,,,pageCModel,HOCR,JP2,,0
pitt_collection_1_test.csv,pitt:31735056284767-0288,,,pageCModel,HOCR,JP2,,0
pitt_collection_1_test.csv,pitt:31735056284767-0597,,,pageCModel,HOCR,JP2,,0
pitt_collection_1_test.csv,pitt:31735056284767-0620,,,pageCModel,HOCR,JP2,,0
pitt_collection_1_test.csv,pitt:31735056284726-0246,,,pageCModel,HOCR,JP2,,0
pitt_collection_1_test.csv,pitt:31735056284726-0202,,,pageCModel,HOCR,JP2,,0
pitt_collection_1_test.csv,pitt:aud0048,Azure Warbler; Cerulean Warbler,collection.1|collection.153,sp_large_image_cmodel,,JP2,,0
pitt_collection_1_test.csv,pitt:aud0208,Esquimaux Curlew; Eskimo Curlew,collection.1|collection.153,sp_large_image_cmodel,,JP2,,0
pitt_collection_1_test.csv,pitt:31735056284734-0624,,,pageCModel,HOCR,JP2,,0
pitt_collection_1_test.csv,pitt:31735056284775-0107,,,pageCModel,HOCR,JP2,,0
pitt_collection_1_test.csv,pitt:31735056284775-0120,,,pageCModel,HOCR,JP2,,0
pitt_collection_1_test.csv,pitt:31735056284726-0601,,,pageCModel,HOCR,JP2,,0
pitt_collection_1_test.csv,pitt:31735056284734-0033,,,pageCModel,HOCR,JP2,,0
pitt_collection_1_test.csv,pitt:31735056284734-0080,,,pageCModel,HOCR,JP2,,0
pitt_collection_1_test.csv,pitt:31735056284734-0122,,,pageCModel,HOCR,JP2,,0
pitt_collection_1_test.csv,pitt:31735056284726-0209,,,pageCModel,HOCR,JP2,,0
pitt_collection_1_test.csv,pitt:31735056284882-0329,,,pageCModel,HOCR,JP2,,0
pitt_collection_1_test.csv,pitt:31735056284882-0237,,,pageCModel,HOCR,JP2,,0
pitt_collection_1_test.csv,pitt:31735056284882-0243,,,pageCModel,HOCR,JP2,,0
pitt_collection_1_test.csv,pitt:31735056284775-0240,,,pageCModel,HOCR,JP2,,0
pitt_collection_1_test.csv,pitt:31735056284775-0441,,,pageCModel,HOCR,JP2,,0
pitt_collection_1_test.csv,pitt:31735056284882-0553,,,pageCModel,HOCR,JP2,,0
pitt_collection_1_test.csv,pitt:31735056284726-0179,,,pageCModel,HOCR,JP2,,0
pitt_collection_1_test.csv,pitt:31735056284767-0067,,,pageCModel,HOCR,JP2,,0
pitt_collection_1_test.csv,pitt:31735056284767-0325,,,pageCModel,HOCR,JP2,,0
pitt_collection_1_test.csv,pitt:31735056284767-0448,,,pageCModel,HOCR,JP2,,0
pitt_collection_1_test.csv,pitt:31735056284775-0065,,,pageCModel,HOCR,JP2,,0
pitt_collection_1_test.csv,pitt:31735056284734-0461,,,pageCModel,HOCR,JP2,,0
pitt_collection_1_test.csv,pitt:31735056284734-0537,,,pageCModel,HOCR,JP2,,0
pitt_collection_1_test.csv,pitt:aud0350,Rocky Mountain Plover; Mountain Plover,collection.1|collection.153,sp_large_image_cmodel,,JP2,,0
pitt_collection_1_test.csv,pitt:aud0076,Virginian Partridge; Northern Bobwhite,collection.1|collection.153,sp_large_image_cmodel,,JP2,,0
pitt_collection_1_test.csv,pitt:aud0338,Bemaculated Duck; Hybrid Duck Mallard x Gadwall,collection.1|collection.153,sp_large_image_cmodel,,JP2,,0
pitt_collection_1_test.csv,pitt:31735056284726-0223,,,pageCModel,HOCR,JP2,,0
pitt_collection_1_test.csv,pitt:31735056284726-0328,,,pageCModel,HOCR,JP2,,0
pitt_collection_1_test.csv,pitt:31735056284767-0592,,,pageCModel,HOCR,JP2,,0
pitt_collection_1_test.csv,pitt:31735056284775-0478,,,pageCModel,HOCR,JP2,,0
pitt_collection_1_test.csv,pitt:31735056284775-0545,,,pageCModel,HOCR,JP2,,0
pitt_collection_1_test.csv,pitt:31735056284775-0573,,,pageCModel,HOCR,JP2,,0
pitt_collection_1_test.csv,pitt:31735056284734-0015,,,pageCModel,HOCR,JP2,,0
pitt_collection_1_test.csv,pitt:31735056284734-0249,,,pageCModel,HOCR,JP2,,0
pitt_collection_1_test.csv,pitt:31735056284734-0456,,,pageCModel,HOCR,JP2,,0
pitt_collection_1_test.csv,pitt:31735056284767-0043,,,pageCModel,HOCR,JP2,,0
pitt_collection_1_test.csv,pitt:31735056284767-0162,,,pageCModel,HOCR,JP2,,0
pitt_collection_1_test.csv,pitt:31735056284767-0380,,,pageCModel,HOCR,JP2,,0
pitt_collection_1_test.csv,pitt:31735056284767-0568,,,pageCModel,HOCR,JP2,,0
pitt_collection_1_test.csv,pitt:31735056284882-0142,,,pageCModel,HOCR,JP2,,0
pitt_collection_1_test.csv,pitt:aud0018,Bewick's Wren,collection.1|collection.153,sp_large_image_cmodel,,JP2,,0
pitt_collection_1_test.csv,pitt:aud0015,Blue Yellow-backed Warbler; Northern Parula,collection.1|collection.153,sp_large_image_cmodel,,JP2,,0
pitt_collection_1_test.csv,pitt:31735056284726-0046,,,pageCModel,HOCR,JP2,,0
pitt_collection_1_test.csv,pitt:31735056284726-0244,,,pageCModel,HOCR,JP2,,0
pitt_collection_1_test.csv,pitt:31735056284726-0285,,,pageCModel,HOCR,JP2,,0
pitt_collection_1_test.csv,pitt:31735056284726-0383,,,pageCModel,HOCR,JP2,,0
pitt_collection_1_test.csv,pitt:31735056284734-0039,,,pageCModel,HOCR,JP2,,0
pitt_collection_1_test.csv,pitt:31735056284882-0177,,,pageCModel,HOCR,JP2,,0
pitt_collection_1_test.csv,pitt:31735056284882-0302,,,pageCModel,HOCR,JP2,,0
pitt_collection_1_test.csv,pitt:31735056284775-0469,,,pageCModel,HOCR,JP2,,0
pitt_collection_1_test.csv,pitt:31735056284775-0617,,,pageCModel,HOCR,JP2,,0
pitt_collection_1_test.csv,pitt:31735056284734-0130,,,pageCModel,HOCR,JP2,,0
pitt_collection_1_test.csv,pitt:31735056284734-0259,,,pageCModel,HOCR,JP2,,0
pitt_collection_1_test.csv,pitt:31735056284734-0635,,,pageCModel,HOCR,JP2,,0
pitt_collection_1_test.csv,pitt:31735056284767-0114,,,pageCModel,HOCR,JP2,,0
pitt_collection_1_test.csv,pitt:31735056284882-0098,,,pageCModel,HOCR,JP2,,0
pitt_collection_1_test.csv,pitt:aud0090,Black & White Creeper; Black-and-white Warbler,collection.1|collection.153,sp_large_image_cmodel,,JP2,,0
pitt_collection_1_test.csv,pitt:aud0301,Canvas backed Duck; Canvasback,collection.1|collection.153,sp_large_image_cmodel,,JP2,,0
pitt_collection_1_test.csv,pitt:31735056284726-0024,,,pageCModel,HOCR,JP2,,0
pitt_collection_1_test.csv,pitt:31735056284726-0391,,,pageCModel,HOCR,JP2,,0
pitt_collection_1_test.csv,pitt:31735056284734-0162,,,pageCModel,HOCR,JP2,,0
pitt_collection_1_test.csv,pitt:31735056284734-0237,,,pageCModel,HOCR,JP2,,0
pitt_collection_1_test.csv,pitt:31735056284734-0329,,,pageCModel,HOCR,JP2,,0
pitt_collection_1_test.csv,pitt:31735056284775-0242,,,pageCModel,HOCR,JP2,,0
pitt_collection_1_test.csv,pitt:31735056284775-0283,,,pageCModel,HOCR,JP2,,0
pitt_collection_1_test.csv,pitt:31735056284775-0417,,,pageCModel,HOCR,JP2,,0
pitt_collection_1_test.csv,pitt:31735056284767-0352,,,pageCModel,HOCR,JP2,,0
pitt_collection_1_test.csv,pitt:31735056284767-0595,,,pageCModel,HOCR,JP2,,0
pitt_collection_1_test.csv,pitt:31735056284767-0167,,,pageCModel,HOCR,JP2,,0
pitt_collection_1_test.csv,pitt:31735056284882-0416,,,pageCModel,HOCR,JP2,,0
pitt_collection_1_test.csv,pitt:31735056284882-0115,,,pageCModel,HOCR,JP2,,0
pitt_collection_1_test.csv,pitt:31735056284882-0320,,,pageCModel,HOCR,JP2,,0
pitt_collection_1_test.csv,pitt:aud0111,Pileated Woodpecker,collection.1|collection.153,sp_large_image_cmodel,,JP2,,0
pitt_collection_1_test.csv,pitt:aud0217,Louisiana Heron; Tricolored Heron,collection.1|collection.153,sp_large_image_cmodel,,JP2,,0
pitt_collection_1_test.csv,pitt:31735056284726-0518,,,pageCModel,HOCR,JP2,,0
pitt_collection_1_test.csv,pitt:31735056284734-0482,,,pageCModel,HOCR,JP2,,0
pitt_collection_1_test.csv,pitt:31735056284734-0592,,,pageCModel,HOCR,JP2,,0
pitt_collection_1_test.csv,pitt:31735056284767-0001,,,pageCModel,HOCR,JP2,,0
pitt_collection_1_test.csv,pitt:31735056284767-0141,,,pageCModel,HOCR,JP2,,0
pitt_collection_1_test.csv,pitt:31735056284767-0478,,,pageCModel,HOCR,JP2,,0
pitt_collection_1_test.csv,pitt:31735056284775-0147,,,pageCModel,HOCR,JP2,,0
pitt_collection_1_test.csv,pitt:31735056284775-0261,,,pageCModel,HOCR,JP2,,0
pitt_collection_1_test.csv,pitt:31735056284734-0044,,,pageCModel,HOCR,JP2,,0
pitt_collection_1_test.csv,pitt:31735056284734-0419,,,pageCModel,HOCR,JP2,,0
pitt_collection_1_test.csv,pitt:31735056284734-0476,,,pageCModel,HOCR,JP2,,0
pitt_collection_1_test.csv,pitt:31735056284882-0089,,,pageCModel,HOCR,JP2,,0
pitt_collection_1_test.csv,pitt:31735056284882-0182,,,pageCModel,HOCR,JP2,,0
pitt_collection_1_test.csv,pitt:31735056284882-0251,,,pageCModel,HOCR,JP2,,0
pitt_collection_1_test.csv,pitt:31735056284882-0346,,,pageCModel,HOCR,JP2,,0
pitt_collection_1_test.csv,pitt:31735056284775-0322,,,pageCModel,HOCR,JP2,,0
pitt_collection_1_test.csv,pitt:31735056284775-0456,,,pageCModel,HOCR,JP2,,0
pitt_collection_1_test.csv,pitt:aud0002,Yellow-billed Cuckoo,collection.1|collection.153,sp_large_image_cmodel,,JP2,,0
pitt_collection_1_test.csv,pitt:31735056284734-0405,,,pageCModel,HOCR,JP2,,0
pitt_collection_1_test.csv,pitt:31735056284734-0374,,,pageCModel,HOCR,JP2,,0
pitt_collection_1_test.csv,pitt:31735056284734-0239,,,pageCModel,HOCR,JP2,,0
pitt_collection_1_test.csv,pitt:31735056284734-0450,,,pageCModel,HOCR,JP2,,0
pitt_collection_1_test.csv,pitt:31735056284767-0372,,,pageCModel,HOCR,JP2,,0
pitt_collection_1_test.csv,pitt:31735056284775-0367,,,pageCModel,HOCR,JP2,,0
pitt_collection_1_test.csv,pitt:31735056284767-0406,,,pageCModel,HOCR,JP2,,0
pitt_collection_1_test.csv,pitt:31735056284767-0700,,,pageCModel,HOCR,JP2,,0
pitt_collection_1_test.csv,pitt:31735056284775-0136,,,pageCModel,HOCR,JP2,,0
pitt_collection_1_test.csv,pitt:31735056284775-0165,,,pageCModel,HOCR,JP2,,0
pitt_collection_1_test.csv,pitt:31735056284882-0149,,,pageCModel,HOCR,JP2,,0
pitt_collection_1_test.csv,pitt:31735056284882-0156,,,pageCModel,HOCR,JP2,,0
pitt_collection_1_test.csv,pitt:31735056284882-0262,,,pageCModel,HOCR,JP2,,0
pitt_collection_1_test.csv,pitt:31735056284882-0334,,,pageCModel,HOCR,JP2,,0
pitt_collection_1_test.csv,pitt:31735056284726-0044,,,pageCModel,HOCR,JP2,,0
pitt_collection_1_test.csv,pitt:31735056284726-0111,,,pageCModel,HOCR,JP2,,0
pitt_collection_1_test.csv,pitt:31735056284726-0418,,,pageCModel,HOCR,JP2,,0
pitt_collection_1_test.csv,pitt:31735056284726-0614,,,pageCModel,HOCR,JP2,,0
pitt_collection_1_test.csv,pitt:31735056284734-0191,,,pageCModel,HOCR,JP2,,0
pitt_collection_1_test.csv,pitt:31735056284767-0338,,,pageCModel,HOCR,JP2,,0
pitt_collection_1_test.csv,pitt:aud0242,"Snowy Heron\, or White Egret; Snowy Egret",collection.1|collection.153,sp_large_image_cmodel,,JP2,,0
pitt_collection_1_test.csv,pitt:31735056284882-0389,,,pageCModel,HOCR,JP2,,0
pitt_collection_1_test.csv,pitt:31735056284882-0394,,,pageCModel,HOCR,JP2,,0
pitt_collection_1_test.csv,pitt:31735056284882-0031,,,pageCModel,HOCR,JP2,,0
pitt_collection_1_test.csv,pitt:31735056284775-0319,,,pageCModel,HOCR,JP2,,0
pitt_collection_1_test.csv,pitt:31735056284882-0125,,,pageCModel,HOCR,JP2,,0
pitt_collection_1_test.csv,pitt:31735056284775-0092,,,pageCModel,HOCR,JP2,,0
pitt_collection_1_test.csv,pitt:31735056284775-0311,,,pageCModel,HOCR,JP2,,0
pitt_collection_1_test.csv,pitt:31735056284775-0405,,,pageCModel,HOCR,JP2,,0
pitt_collection_1_test.csv,pitt:31735056284882-0252,,,pageCModel,HOCR,JP2,,0
pitt_collection_1_test.csv,pitt:31735056284726-0507,,,pageCModel,HOCR,JP2,,0
pitt_collection_1_test.csv,pitt:31735056284726-0570,,,pageCModel,HOCR,JP2,,0
pitt_collection_1_test.csv,pitt:31735056284734-0495,,,pageCModel,HOCR,JP2,,0
pitt_collection_1_test.csv,pitt:31735056284767-0231,,,pageCModel,HOCR,JP2,,0
pitt_collection_1_test.csv,pitt:31735056284767-0307,,,pageCModel,HOCR,JP2,,0
pitt_collection_1_test.csv,pitt:aud0095,Yellow-poll Warbler; Yellow Warbler,collection.1|collection.153,sp_large_image_cmodel,,JP2,,0
pitt_collection_1_test.csv,pitt:31735056284767-0194,,,pageCModel,HOCR,JP2,,0
pitt_collection_1_test.csv,pitt:31735056284767-0280,,,pageCModel,HOCR,JP2,,0
pitt_collection_1_test.csv,pitt:31735056284767-0403,,,pageCModel,HOCR,JP2,,0
pitt_collection_1_test.csv,pitt:31735056284767-0689,,,pageCModel,HOCR,JP2,,0
pitt_collection_1_test.csv,pitt:31735056284726-0346,,,pageCModel,HOCR,JP2,,0
pitt_collection_1_test.csv,pitt:31735056284734-0141,,,pageCModel,HOCR,JP2,,0
pitt_collection_1_test.csv,pitt:31735056284767-0029,,,pageCModel,HOCR,JP2,,0
pitt_collection_1_test.csv,pitt:31735056284767-0060,,,pageCModel,HOCR,JP2,,0
pitt_collection_1_test.csv,pitt:31735056284882-0038,,,pageCModel,HOCR,JP2,,0
pitt_collection_1_test.csv,pitt:31735056284882-0491,,,pageCModel,HOCR,JP2,,0
pitt_collection_1_test.csv,pitt:31735056284767-0581,,,pageCModel,HOCR,JP2,,0
pitt_collection_1_test.csv,pitt:31735056284775-0175,,,pageCModel,HOCR,JP2,,0
pitt_collection_1_test.csv,pitt:31735056284775-0176,,,pageCModel,HOCR,JP2,,0
pitt_collection_1_test.csv,pitt:31735056284767-0138,,,pageCModel,HOCR,JP2,,0
pitt_collection_1_test.csv,pitt:31735056284767-0255,,,pageCModel,HOCR,JP2,,0
pitt_collection_1_test.csv,pitt:31735056284767-0517,,,pageCModel,HOCR,JP2,,0
pitt_collection_1_test.csv,pitt:31735056284726-0537,,,pageCModel,HOCR,JP2,,0
pitt_collection_1_test.csv,pitt:31735056284734-0175,,,pageCModel,HOCR,JP2,,0
pitt_collection_1_test.csv,pitt:31735056284734-0538,,,pageCModel,HOCR,JP2,,0
pitt_collection_1_test.csv,pitt:31735056284734-0657,,,pageCModel,HOCR,JP2,,0
pitt_collection_1_test.csv,pitt:31735056284775-0599,,,pageCModel,HOCR,JP2,,0
pitt_collection_1_test.csv,pitt:31735056284775-0017,,,pageCModel,HOCR,JP2,,0
pitt_collection_1_test.csv,pitt:31735056284882-0052,,,pageCModel,HOCR,JP2,,0
pitt_collection_1_test.csv,pitt:31735056284882-0175,,,pageCModel,HOCR,JP2,,0
pitt_collection_1_test.csv,pitt:31735056284882-0311,,,pageCModel,HOCR,JP2,,0
pitt_collection_1_test.csv,pitt:31735056284882-0349,,,pageCModel,HOCR,JP2,,0
pitt_collection_1_test.csv,pitt:31735056284726-0129,,,pageCModel,HOCR,JP2,,0
pitt_collection_1_test.csv,pitt:31735056284726-0194,,,pageCModel,HOCR,JP2,,0
pitt_collection_1_test.csv,pitt:31735056284726-0478,,,pageCModel,HOCR,JP2,,0
pitt_collection_1_test.csv,pitt:31735056284734-0217,,,pageCModel,HOCR,JP2,,0
pitt_collection_1_test.csv,pitt:31735056284734-0529,,,pageCModel,HOCR,JP2,,0
pitt_collection_1_test.csv,pitt:31735056284734-0595,,,pageCModel,HOCR,JP2,,0
pitt_collection_1_test.csv,pitt:31735056284767-0198,,,pageCModel,HOCR,JP2,,0
pitt_collection_1_test.csv,pitt:31735056284767-0319,,,pageCModel,HOCR,JP2,,0
pitt_collection_1_test.csv,pitt:31735056284767-0129,,,pageCModel,HOCR,JP2,,0
pitt_collection_1_test.csv,pitt:aud0228,American Green winged Teal; Green-winged Teal,collection.1|collection.153,sp_large_image_cmodel,,JP2,,0
pitt_collection_1_test.csv,pitt:aud0254,Wilson's Phalarope,collection.1|collection.153,sp_large_image_cmodel,,JP2,,0
pitt_collection_1_test.csv,pitt:31735056284726-0238,,,pageCModel,HOCR,JP2,,0
pitt_collection_1_test.csv,pitt:31735056284726-0385,,,pageCModel,HOCR,JP2,,0
pitt_collection_1_test.csv,pitt:31735056284882-0138,,,pageCModel,HOCR,JP2,,0
pitt_collection_1_test.csv,pitt:31735056284882-0333,,,pageCModel,HOCR,JP2,,0
pitt_collection_1_test.csv,pitt:31735056284882-0521,,,pageCModel,HOCR,JP2,,0
pitt_collection_1_test.csv,pitt:31735056284726-0413,,,pageCModel,HOCR,JP2,,0
pitt_collection_1_test.csv,pitt:31735056284734-0181,,,pageCModel,HOCR,JP2,,0
pitt_collection_1_test.csv,pitt:31735056284882-0494,,,pageCModel,HOCR,JP2,,0
pitt_collection_1_test.csv,pitt:aud0051,Red-tailed Hawk,collection.1|collection.153,sp_large_image_cmodel,,JP2,,0
pitt_collection_1_test.csv,pitt:31735056284882-0183,,,pageCModel,HOCR,JP2,,0
pitt_collection_1_test.csv,pitt:31735056284882-0330,,,pageCModel,HOCR,JP2,,0
pitt_collection_1_test.csv,pitt:aud0087,Florida Jay; Florida Scrub-Jay,collection.1|collection.153,sp_large_image_cmodel,,JP2,,0
pitt_collection_1_test.csv,pitt:aud0175,Nuttall's lesser-marsh Wren; Sedge Wren,collection.1|collection.153,sp_large_image_cmodel,,JP2,,0
pitt_collection_1_test.csv,pitt:31735056284767-0153,,,pageCModel,HOCR,JP2,,0
pitt_collection_1_test.csv,pitt:31735056284775-0039,,,pageCModel,HOCR,JP2,,0
pitt_collection_1_test.csv,pitt:31735056284775-0222,,,pageCModel,HOCR,JP2,,0
pitt_collection_1_test.csv,pitt:31735056284882-0439,,,pageCModel,HOCR,JP2,,0
pitt_collection_1_test.csv,pitt:31735056284882-0460,,,pageCModel,HOCR,JP2,,0
pitt_collection_1_test.csv,pitt:31735056284726-0206,,,pageCModel,HOCR,JP2,,0
pitt_collection_1_test.csv,pitt:31735056284726-0521,,,pageCModel,HOCR,JP2,,0
pitt_collection_1_test.csv,pitt:31735056284882-0088,,,pageCModel,HOCR,JP2,,0
pitt_collection_1_test.csv,pitt:31735056284726-0435,,,pageCModel,HOCR,JP2,,0
pitt_collection_1_test.csv,pitt:31735056284734-0088,,,pageCModel,HOCR,JP2,,0
pitt_collection_1_test.csv,pitt:31735056284734-0274,,,pageCModel,HOCR,JP2,,0
pitt_collection_1_test.csv,pitt:31735056284734-0443,,,pageCModel,HOCR,JP2,,0
pitt_collection_1_test.csv,pitt:31735056284734-0649,,,pageCModel,HOCR,JP2,,0
pitt_collection_1_test.csv,pitt:31735056284775-0241,,,pageCModel,HOCR,JP2,,0
pitt_collection_1_test.csv,pitt:31735056284767-0315,,,pageCModel,HOCR,JP2,,0
pitt_collection_1_test.csv,pitt:31735056284775-0013,,,pageCModel,HOCR,JP2,,0
pitt_collection_1_test.csv,pitt:31735056284775-0053,,,pageCModel,HOCR,JP2,,0
pitt_collection_1_test.csv,pitt:31735056284775-0169,,,pageCModel,HOCR,JP2,,0
pitt_collection_1_test.csv,pitt:31735056284726-0042,,,pageCModel,HOCR,JP2,,0
pitt_collection_1_test.csv,pitt:31735056284726-0175,,,pageCModel,HOCR,JP2,,0
pitt_collection_1_test.csv,pitt:31735056284726-0392,,,pageCModel,HOCR,JP2,,0
pitt_collection_1_test.csv,pitt:31735056284882-0449,,,pageCModel,HOCR,JP2,,0
pitt_collection_1_test.csv,pitt:aud0317,"Black\, or Surf Duck; Surf Scooter",collection.1|collection.153,sp_large_image_cmodel,,JP2,,0
pitt_collection_1_test.csv,pitt:31735056284726-0168,,,pageCModel,HOCR,JP2,,0
pitt_collection_1_test.csv,pitt:31735056284726-0563,,,pageCModel,HOCR,JP2,,0
pitt_collection_1_test.csv,pitt:31735056284734-0385,,,pageCModel,HOCR,JP2,,0
pitt_collection_1_test.csv,pitt:31735056284734-0406,,,pageCModel,HOCR,JP2,,0
pitt_collection_1_test.csv,pitt:31735056284734-0579,,,pageCModel,HOCR,JP2,,0
pitt_collection_1_test.csv,pitt:31735056284767-0093,,,pageCModel,HOCR,JP2,,0
pitt_collection_1_test.csv,pitt:31735056284775-0032,,,pageCModel,HOCR,JP2,,0
pitt_collection_1_test.csv,pitt:31735056284775-0228,,,pageCModel,HOCR,JP2,,0
pitt_collection_1_test.csv,pitt:31735056284775-0559,,,pageCModel,HOCR,JP2,,0
pitt_collection_1_test.csv,pitt:31735056284775-0600,,,pageCModel,HOCR,JP2,,0
pitt_collection_1_test.csv,pitt:31735056284775-0644,,,pageCModel,HOCR,JP2,,0
pitt_collection_1_test.csv,pitt:31735056284882-0118,,,pageCModel,HOCR,JP2,,0
pitt_collection_1_test.csv,pitt:31735056284882-0342,,,pageCModel,HOCR,JP2,,0
pitt_collection_1_test.csv,pitt:31735056284734-0510,,,pageCModel,HOCR,JP2,,0
pitt_collection_1_test.csv,pitt:31735056284734-0583,,,pageCModel,HOCR,JP2,,0
pitt_collection_1_test.csv,pitt:31735056284726-0035,,,pageCModel,HOCR,JP2,,0
pitt_collection_1_test.csv,pitt:31735056284726-0052,,,pageCModel,HOCR,JP2,,0
pitt_collection_1_test.csv,pitt:31735056284734-0024,,,pageCModel,HOCR,JP2,,0
pitt_collection_1_test.csv,pitt:31735056284734-0459,,,pageCModel,HOCR,JP2,,0
pitt_collection_1_test.csv,pitt:31735056284882-0256,,,pageCModel,HOCR,JP2,,0
pitt_collection_1_test.csv,pitt:31735056284882-0315,,,pageCModel,HOCR,JP2,,0
pitt_collection_1_test.csv,pitt:31735056284767-0020,,,pageCModel,HOCR,JP2,,0
pitt_collection_1_test.csv,pitt:31735056284767-0238,,,pageCModel,HOCR,JP2,,0
pitt_collection_1_test.csv,pitt:31735056284775-0054,,,pageCModel,HOCR,JP2,,0
pitt_collection_1_test.csv,pitt:31735056284775-0081,,,pageCModel,HOCR,JP2,,0
pitt_collection_1_test.csv,pitt:31735056284882-0210,,,pageCModel,HOCR,JP2,,0
pitt_collection_1_test.csv,pitt:31735056284882-0216,,,pageCModel,HOCR,JP2,,0
pitt_collection_1_test.csv,pitt:31735056284726-0450,,,pageCModel,HOCR,JP2,,0
pitt_collection_1_test.csv,pitt:31735056284734-0003,,,pageCModel,HOCR,JP2,,0
pitt_collection_1_test.csv,pitt:31735056284734-0150,,,pageCModel,HOCR,JP2,,0
pitt_collection_1_test.csv,pitt:31735056284734-0165,,,pageCModel,HOCR,JP2,,0
pitt_collection_1_test.csv,pitt:31735056284734-0279,,,pageCModel,HOCR,JP2,,0
pitt_collection_1_test.csv,pitt:31735056284734-0618,,,pageCModel,HOCR,JP2,,0
pitt_collection_1_test.csv,pitt:31735056284775-0348,,,pageCModel,HOCR,JP2,,0
pitt_collection_1_test.csv,pitt:31735056284726-0107,,,pageCModel,HOCR,JP2,,0
pitt_collection_1_test.csv,pitt:31735056284775-0406,,,pageCModel,HOCR,JP2,,0
pitt_collection_1_test.csv,pitt:31735056284775-0627,,,pageCModel,HOCR,JP2,,0
pitt_collection_1_test.csv,pitt:31735056284775-0638,,,pageCModel,HOCR,JP2,,0
pitt_collection_1_test.csv,pitt:31735056284882-0147,,,pageCModel,HOCR,JP2,,0
pitt_collection_1_test.csv,pitt:31735056284882-0161,,,pageCModel,HOCR,JP2,,0
pitt_collection_1_test.csv,pitt:31735056284882-0193,,,pageCModel,HOCR,JP2,,0
pitt_collection_1_test.csv,pitt:31735056284882-0278,,,pageCModel,HOCR,JP2,,0
pitt_collection_1_test.csv,pitt:31735056284882-0404,,,pageCModel,HOCR,JP2,,0
pitt_collection_1_test.csv,pitt:31735056284767-0604,,,pageCModel,HOCR,JP2,,0
pitt_collection_1_test.csv,pitt:31735056284775-0646,,,pageCModel,HOCR,JP2,,0
pitt_collection_1_test.csv,pitt:31735056284767-0214,,,pageCModel,HOCR,JP2,,0
pitt_collection_1_test.csv,pitt:31735056284767-0218,,,pageCModel,HOCR,JP2,,0
pitt_collection_1_test.csv,pitt:31735056284882-0107,,,pageCModel,HOCR,JP2,,0
pitt_collection_1_test.csv,pitt:31735056284882-0294,,,pageCModel,HOCR,JP2,,0
pitt_collection_1_test.csv,pitt:31735056284882-0319,,,pageCModel,HOCR,JP2,,0
pitt_collection_1_test.csv,pitt:31735056284734-0650,,,pageCModel,HOCR,JP2,,0
pitt_collection_1_test.csv,pitt:31735056284726-0149,,,pageCModel,HOCR,JP2,,0
pitt_collection_1_test.csv,pitt:31735056284726-0440,,,pageCModel,HOCR,JP2,,0
pitt_collection_1_test.csv,pitt:31735056284767-0229,,,pageCModel,HOCR,JP2,,0
pitt_collection_1_test.csv,pitt:31735056284767-0417,,,pageCModel,HOCR,JP2,,0
pitt_collection_1_test.csv,pitt:31735056284767-0642,,,pageCModel,HOCR,JP2,,0
pitt_collection_1_test.csv,pitt:31735056284775-0168,,,pageCModel,HOCR,JP2,,0
pitt_collection_1_test.csv,pitt:31735056284775-0410,,,pageCModel,HOCR,JP2,,0
pitt_collection_1_test.csv,pitt:31735056284775-0505,,,pageCModel,HOCR,JP2,,0
pitt_collection_1_test.csv,pitt:31735056284882-0026,,,pageCModel,HOCR,JP2,,0
pitt_collection_1_test.csv,pitt:31735056284882-0189,,,pageCModel,HOCR,JP2,,0
pitt_collection_1_test.csv,pitt:31735056284726-0245,,,pageCModel,HOCR,JP2,,0
pitt_collection_1_test.csv,pitt:31735056284726-0453,,,pageCModel,HOCR,JP2,,0
pitt_collection_1_test.csv,pitt:31735056284734-0189,,,pageCModel,HOCR,JP2,,0
pitt_collection_1_test.csv,pitt:31735056284734-0200,,,pageCModel,HOCR,JP2,,0
pitt_collection_1_test.csv,pitt:31735056284734-0620,,,pageCModel,HOCR,JP2,,0
pitt_collection_1_test.csv,pitt:31735056284767-0174,,,pageCModel,HOCR,JP2,,0
pitt_collection_1_test.csv,pitt:31735056284726-0097,,,pageCModel,HOCR,JP2,,0
pitt_collection_1_test.csv,pitt:31735056284726-0457,,,pageCModel,HOCR,JP2,,0
pitt_collection_1_test.csv,pitt:31735056284882-0152,,,pageCModel,HOCR,JP2,,0
pitt_collection_1_test.csv,pitt:31735056284882-0223,,,pageCModel,HOCR,JP2,,0
pitt_collection_1_test.csv,pitt:31735056284882-0477,,,pageCModel,HOCR,JP2,,0
pitt_collection_1_test.csv,pitt:31735056284775-0221,,,pageCModel,HOCR,JP2,,0
pitt_collection_1_test.csv,pitt:31735056284726-0514,,,pageCModel,HOCR,JP2,,0
pitt_collection_1_test.csv,pitt:31735056284726-0579,,,pageCModel,HOCR,JP2,,0
pitt_collection_1_test.csv,pitt:31735056284734-0222,,,pageCModel,HOCR,JP2,,0
pitt_collection_1_test.csv,pitt:31735056284767-0062,,,pageCModel,HOCR,JP2,,0
pitt_collection_1_test.csv,pitt:31735056284767-0286,,,pageCModel,HOCR,JP2,,0
pitt_collection_1_test.csv,pitt:31735056284767-0438,,,pageCModel,HOCR,JP2,,0
pitt_collection_1_test.csv,pitt:31735056284775-0004,,,pageCModel,HOCR,JP2,,0
pitt_collection_1_test.csv,pitt:aud0233,Sora or Rail,collection.1|collection.153,sp_large_image_cmodel,,JP2,,0
pitt_collection_1_test.csv,pitt:aud0284,Purple Sandpiper,collection.1|collection.153,sp_large_image_cmodel,,JP2,,0
pitt_collection_1_test.csv,pitt:31735056284726-0089,,,pageCModel,HOCR,JP2,,0
pitt_collection_1_test.csv,pitt:31735056284726-0304,,,pageCModel,HOCR,JP2,,0
pitt_collection_1_test.csv,pitt:31735056284734-0023,,,pageCModel,HOCR,JP2,,0
pitt_collection_1_test.csv,pitt:31735056284767-0051,,,pageCModel,HOCR,JP2,,0
pitt_collection_1_test.csv,pitt:31735056284767-0137,,,pageCModel,HOCR,JP2,,0
pitt_collection_1_test.csv,pitt:31735056284734-0065,,,pageCModel,HOCR,JP2,,0
pitt_collection_1_test.csv,pitt:31735056284734-0467,,,pageCModel,HOCR,JP2,,0
pitt_collection_1_test.csv,pitt:31735056284734-0546,,,pageCModel,HOCR,JP2,,0
pitt_collection_1_test.csv,pitt:31735056284734-0576,,,pageCModel,HOCR,JP2,,0
pitt_collection_1_test.csv,pitt:31735056284882-0310,,,pageCModel,HOCR,JP2,,0
pitt_collection_1_test.csv,pitt:31735056284882-0469,,,pageCModel,HOCR,JP2,,0
pitt_collection_1_test.csv,pitt:31735056284882-0484,,,pageCModel,HOCR,JP2,,0
pitt_collection_1_test.csv,pitt:31735056284767-0157,,,pageCModel,HOCR,JP2,,0
pitt_collection_1_test.csv,pitt:31735056284767-0392,,,pageCModel,HOCR,JP2,,0
pitt_collection_1_test.csv,pitt:31735056284775-0129,,,pageCModel,HOCR,JP2,,0
pitt_collection_1_test.csv,pitt:31735056284775-0230,,,pageCModel,HOCR,JP2,,0
pitt_collection_1_test.csv,pitt:31735056284882-0420,,,pageCModel,HOCR,JP2,,0
pitt_collection_1_test.csv,pitt:31735056284775-0610,,,pageCModel,HOCR,JP2,,0
pitt_collection_1_test.csv,pitt:aud0346,Black-Throated Diver; Arctic Loon,collection.1|collection.153,sp_large_image_cmodel,,JP2,,0
pitt_collection_1_test.csv,pitt:31735056284882-0123,,,pageCModel,HOCR,JP2,,0
pitt_collection_1_test.csv,pitt:31735056284882-0275,,,pageCModel,HOCR,JP2,,0
pitt_collection_1_test.csv,pitt:31735056284882-0421,,,pageCModel,HOCR,JP2,,0
pitt_collection_1_test.csv,pitt:31735056284882-0474,,,pageCModel,HOCR,JP2,,0
pitt_collection_1_test.csv,pitt:31735056284882-0024,,,pageCModel,HOCR,JP2,,0
pitt_collection_1_test.csv,pitt:31735056284734-0231,,,pageCModel,HOCR,JP2,,0
pitt_collection_1_test.csv,pitt:31735056284734-0555,,,pageCModel,HOCR,JP2,,0
pitt_collection_1_test.csv,pitt:31735056284726-0093,,,pageCModel,HOCR,JP2,,0
pitt_collection_1_test.csv,pitt:31735056284726-0191,,,pageCModel,HOCR,JP2,,0
pitt_collection_1_test.csv,pitt:31735056284726-0334,,,pageCModel,HOCR,JP2,,0
pitt_collection_1_test.csv,pitt:31735056284726-0377,,,pageCModel,HOCR,JP2,,0
pitt_collection_1_test.csv,pitt:31735056284767-0439,,,pageCModel,HOCR,JP2,,0
pitt_collection_1_test.csv,pitt:31735056284767-0458,,,pageCModel,HOCR,JP2,,0
pitt_collection_1_test.csv,pitt:31735056284767-0524,,,pageCModel,HOCR,JP2,,0
pitt_collection_1_test.csv,pitt:31735056284775-0055,,,pageCModel,HOCR,JP2,,0
pitt_collection_1_test.csv,pitt:31735056284767-0018,,,pageCModel,HOCR,JP2,,0
pitt_collection_1_test.csv,pitt:31735056284767-0072,,,pageCModel,HOCR,JP2,,0
pitt_collection_1_test.csv,pitt:31735056284767-0314,,,pageCModel,HOCR,JP2,,0
pitt_collection_1_test.csv,pitt:31735056284767-0379,,,pageCModel,HOCR,JP2,,0
pitt_collection_1_test.csv,pitt:31735056284775-0217,,,pageCModel,HOCR,JP2,,0
pitt_collection_1_test.csv,pitt:31735056284734-0336,,,pageCModel,HOCR,JP2,,0
pitt_collection_1_test.csv,pitt:31735056284734-0506,,,pageCModel,HOCR,JP2,,0
pitt_collection_1_test.csv,pitt:aud0347,Smew or White Nun,collection.1|collection.153,sp_large_image_cmodel,,JP2,,0
pitt_collection_1_test.csv,pitt:31735056284767-0047,,,pageCModel,HOCR,JP2,,0
pitt_collection_1_test.csv,pitt:aud0201,Canada Goose,collection.1|collection.153,sp_large_image_cmodel,,JP2,,0
pitt_collection_1_test.csv,pitt:aud0083,House Wren,collection.1|collection.153,sp_large_image_cmodel,,JP2,,0
pitt_collection_1_test.csv,pitt:aud0434,I. Little Tyrant Fly-catcher; 2. Small-headed Fly-catcher; 3. Blue Mountain Warbler; 4. Bartran's Vireo; 5. Short-legged Pewee; 6. Rocky Mountain Fly-catcher; I. Least Flycatcher; 4. Red-eyed Vireo; 5. Western Wood-Pewee; 6. Black Phoebe,collection.1|collection.153,sp_large_image_cmodel,,JP2,,0
pitt_collection_72_test.csv,pitt:715.128136_032.CP,Fourth of July,collection.72,sp_large_image_cmodel,,JP2,,0
pitt_collection_72_test.csv,pitt:715.67120025_12.C,Highland Park Zoo,collection.72,sp_large_image_cmodel,,JP2,,0
pitt_collection_72_test.csv,pitt:715.71122430_09.CP,West North Avenue and Federal Street,collection.72,sp_large_image_cmodel,,JP2,,0
pitt_collection_72_test.csv,pitt:715.70122339_13.CP,Middletown Road,collection.72,sp_large_image_cmodel,,JP2,,0
pitt_collection_72_test.csv,pitt:715.3421582.CP,Beech Avenue,collection.72,sp_large_image_cmodel,,JP2,,0
pitt_collection_72_test.csv,pitt:715.3733748.CP,Webster Avenue,collection.72,sp_large_image_cmodel,,JP2,,0
pitt_collection_72_test.csv,pitt:715.3420138.CP,Shore Avenue,collection.72,sp_large_image_cmodel,,JP2,,0
pitt_collection_72_test.csv,pitt:715.3421274.CP,Westhall Street,collection.72,sp_large_image_cmodel,,JP2,,0
pitt_collection_72_test.csv,pitt:20190726-hpiasc-0132,Felling a tree on Watson Boulevard,collection.72,sp_large_image_cmodel,,JP2,,0
pitt_collection_72_test.csv,pitt:715.3319524.CP,Edmond Street,collection.72,sp_large_image_cmodel,,JP2,,0
pitt_collection_72_test.csv,pitt:715.061396.CP,Condition of Sheet Piling,collection.72,sp_large_image_cmodel,,JP2,,0
pitt_collection_72_test.csv,pitt:715.5083749_11.CP,Forbes Avenue at Pennant Place,collection.72,sp_large_image_cmodel,,JP2,,0
pitt_collection_72_test.csv,pitt:715.082036.CP,South Embankment,collection.72,sp_large_image_cmodel,,JP2,,0
pitt_collection_72_test.csv,pitt:715.08853.CP,Woods Run at Davis Avenue Bridge,collection.72,sp_large_image_cmodel,,JP2,,0
pitt_collection_72_test.csv,pitt:715.192501.CP,Busy Wood Street,collection.72,sp_large_image_cmodel,,JP2,,0
pitt_collection_72_test.csv,pitt:715.60108160.CP,Federal Street,collection.72,sp_large_image_cmodel,,JP2,,0
pitt_collection_72_test.csv,pitt:715.112111.CP,Shingiss Street,collection.72,sp_large_image_cmodel,,JP2,,0
pitt_collection_72_test.csv,pitt:715.247112.CP,South Negley Avenue,collection.72,sp_large_image_cmodel,,JP2,,0
pitt_collection_72_test.csv,pitt:715.3420117.CP,Metropolitan Street,collection.72,sp_large_image_cmodel,,JP2,,0
pitt_collection_72_test.csv,pitt:715.3114439.CP,Candance Street,collection.72,sp_large_image_cmodel,,JP2,,0
pitt_collection_72_test.csv,pitt:715.2910516K.CP,Allegheny County Civil War Monument,collection.72,sp_large_image_cmodel,,JP2,,0
pitt_collection_72_test.csv,pitt:715.218946.CP,Working-Class Housing,collection.72,sp_large_image_cmodel,,JP2,,0
pitt_collection_72_test.csv,pitt:715.247154.CP,St. Andrew Street,collection.72,sp_large_image_cmodel,,JP2,,0
pitt_collection_72_test.csv,pitt:715.247166.CP,3rd Presbyterian Church,collection.72,sp_large_image_cmodel,,JP2,,0
pitt_collection_72_test.csv,pitt:715.247183.CP,Valonia Street,collection.72,sp_large_image_cmodel,,JP2,,0
pitt_collection_72_test.csv,pitt:715.262260.CP,Panther Hollow Bridge Showing Cracks,collection.72,sp_large_image_cmodel,,JP2,,0
pitt_collection_72_test.csv,pitt:715.3012095.CP,Fifth Avenue Scene,collection.72,sp_large_image_cmodel,,JP2,,0
pitt_collection_72_test.csv,pitt:715.251027.CP,Children's Ward,collection.72,sp_large_image_cmodel,,JP2,,0
pitt_collection_72_test.csv,pitt:715.226456.CP,Andover Terrace Wall,collection.72,sp_large_image_cmodel,,JP2,,0
pitt_collection_72_test.csv,pitt:715.3115071.CP,Depression-Era Headlines,collection.72,sp_large_image_cmodel,,JP2,,0
pitt_collection_72_test.csv,pitt:715.3216004.CP,Murray Ave,collection.72,sp_large_image_cmodel,,JP2,,0
pitt_collection_72_test.csv,pitt:715.25537.CP,Men in Sewer Tunnel,collection.72,sp_large_image_cmodel,,JP2,,0
pitt_collection_72_test.csv,pitt:715.261090.CP,Regina Mothers Club,collection.72,sp_large_image_cmodel,,JP2,,0
pitt_collection_72_test.csv,pitt:715.4160936.CP,Female Mental Building,collection.72,sp_large_image_cmodel,,JP2,,0
pitt_collection_72_test.csv,pitt:715.174987.CP,Windsor Street,collection.72,sp_large_image_cmodel,,JP2,,0
pitt_collection_72_test.csv,pitt:715.175008.CP,32nd Street,collection.72,sp_large_image_cmodel,,JP2,,0
pitt_collection_72_test.csv,pitt:715.175101.CP,Fifth Avenue,collection.72,sp_large_image_cmodel,,JP2,,0
pitt_collection_72_test.csv,pitt:715.175163.CP,Millvale Avenue Paving,collection.72,sp_large_image_cmodel,,JP2,,0
pitt_collection_72_test.csv,pitt:715.185368.CP,Federal Street,collection.72,sp_large_image_cmodel,,JP2,,0
pitt_collection_72_test.csv,pitt:715.188675.CP,Pittsburgh Skyline,collection.72,sp_large_image_cmodel,,JP2,,0
pitt_collection_72_test.csv,pitt:715.191054.CP,West Side of Maple Avenue,collection.72,sp_large_image_cmodel,,JP2,,0
pitt_collection_72_test.csv,pitt:715.195661.CP,West Carson Street,collection.72,sp_large_image_cmodel,,JP2,,0
pitt_collection_72_test.csv,pitt:715.08986.CP,Mission Street,collection.72,sp_large_image_cmodel,,JP2,,0
pitt_collection_72_test.csv,pitt:715.091325.CP,Craig Street Repaving,collection.72,sp_large_image_cmodel,,JP2,,0
pitt_collection_72_test.csv,pitt:715.111875.CP,Point Bridge Tunnel,collection.72,sp_large_image_cmodel,,JP2,,0
pitt_collection_72_test.csv,pitt:715.119335_7.CP,Howard Johnson,collection.72,sp_large_image_cmodel,,JP2,,0
pitt_collection_72_test.csv,pitt:715.08699.CP,Grading Little Panther Hollow,collection.72,sp_large_image_cmodel,,JP2,,0
pitt_collection_72_test.csv,pitt:715.121196.CP,The Pittsburgh Leader,collection.72,sp_large_image_cmodel,,JP2,,0
pitt_collection_72_test.csv,pitt:715.122747.CP,Aspinwall Pumping Station,collection.72,sp_large_image_cmodel,,JP2,,0
pitt_collection_72_test.csv,pitt:715.199177.CP,Thaddeus Stevens Milk Station,collection.72,sp_large_image_cmodel,,JP2,,0
pitt_collection_72_test.csv,pitt:715.204884.CP,Stretching the Wire,collection.72,sp_large_image_cmodel,,JP2,,0
pitt_collection_72_test.csv,pitt:715.195705.CP,Veronica Street,collection.72,sp_large_image_cmodel,,JP2,,0
pitt_collection_72_test.csv,pitt:715.216235.CP,Water Street Congestion,collection.72,sp_large_image_cmodel,,JP2,,0
pitt_collection_72_test.csv,pitt:715.204030.CP,Gem Way,collection.72,sp_large_image_cmodel,,JP2,,0
pitt_collection_72_test.csv,pitt:715.212609.CP,Beechview Garage and Atlantic Gasoline Station,collection.72,sp_large_image_cmodel,,JP2,,0
pitt_collection_72_test.csv,pitt:715.221923.CP,Greenfield Milk Station,collection.72,sp_large_image_cmodel,,JP2,,0
pitt_collection_72_test.csv,pitt:715.236885.CP,Jackson Street,collection.72,sp_large_image_cmodel,,JP2,,0
pitt_collection_72_test.csv,pitt:715.122754.CP,Lanpher Reservoir,collection.72,sp_large_image_cmodel,,JP2,,0
pitt_collection_72_test.csv,pitt:715.131348.CP,Webster Avenue Hump Cut,collection.72,sp_large_image_cmodel,,JP2,,0
pitt_collection_72_test.csv,pitt:715.133229.CP,South Main Street Bridge Construction,collection.72,sp_large_image_cmodel,,JP2,,0
pitt_collection_72_test.csv,pitt:715.133219.CP,Rockledge Street,collection.72,sp_large_image_cmodel,,JP2,,0
pitt_collection_72_test.csv,pitt:715.144064.CP,Wylie Avenue,collection.72,sp_large_image_cmodel,,JP2,,0
pitt_collection_72_test.csv,pitt:715.144133.CP,Buffington Avenue Wall,collection.72,sp_large_image_cmodel,,JP2,,0
pitt_collection_72_test.csv,pitt:715.144258.CP,Manchester Bridge,collection.72,sp_large_image_cmodel,,JP2,,0
pitt_collection_72_test.csv,pitt:715.143861.CP,Lanpher Reservoir,collection.72,sp_large_image_cmodel,,JP2,,0
pitt_collection_72_test.csv,pitt:715.791287959.CP,New Ponies,collection.72,sp_large_image_cmodel,,JP2,,0
pitt_collection_72_test.csv,pitt:715.L181.CP,The Point,collection.72,sp_large_image_cmodel,,JP2,,0
pitt_collection_72_test.csv,pitt:715.L234.CP,Advertisements,collection.72,sp_large_image_cmodel,,JP2,,0
pitt_collection_72_test.csv,pitt:715.3421110.CP,Proposed Incinerator Plant Location,collection.72,sp_large_image_cmodel,,JP2,,0
pitt_collection_72_test.csv,pitt:715.3421393.CP,Tilsbury Street,collection.72,sp_large_image_cmodel,,JP2,,0
pitt_collection_72_test.csv,pitt:715.3419657.CP,Millvale Avenue at Center Avenue,collection.72,sp_large_image_cmodel,,JP2,,0
pitt_collection_72_test.csv,pitt:20190926-hpiasc-0003,27th Street,collection.72,sp_large_image_cmodel,,JP2,,0
pitt_collection_72_test.csv,pitt:715.3627271.CP,West Carson Street,collection.72,sp_large_image_cmodel,,JP2,,0
pitt_collection_72_test.csv,pitt:715.3114373.CP,Wilksboro Avenue,collection.72,sp_large_image_cmodel,,JP2,,0
pitt_collection_72_test.csv,pitt:715.2910949.CP,East Street Bridge Construction,collection.72,sp_large_image_cmodel,,JP2,,0
pitt_collection_72_test.csv,pitt:715.3421554.CP,Butler Street,collection.72,sp_large_image_cmodel,,JP2,,0
pitt_collection_72_test.csv,pitt:715.65118010_13.CP,West Liberty Elementary School,collection.72,sp_large_image_cmodel,,JP2,,0
pitt_collection_72_test.csv,pitt:715.2910583.CP,Centre Avenue,collection.72,sp_large_image_cmodel,,JP2,,0
pitt_collection_72_test.csv,pitt:715.101548.CP,Oregon and Tabor,collection.72,sp_large_image_cmodel,,JP2,,0
pitt_collection_72_test.csv,pitt:715.122981.CP,Alger Street Improvements,collection.72,sp_large_image_cmodel,,JP2,,0
pitt_collection_72_test.csv,pitt:715.71122492_07.CP,South 30th Street Steps,collection.72,sp_large_image_cmodel,,JP2,,0
pitt_collection_72_test.csv,pitt:715.3526776.CP,Glade Street,collection.72,sp_large_image_cmodel,,JP2,,0
pitt_collection_72_test.csv,pitt:715.3526809.CP,Four Mile Run Trunk Relief Sewer,collection.72,sp_large_image_cmodel,,JP2,,0
pitt_collection_72_test.csv,pitt:715.3526812.CP,Penn Avenue and 11th Street,collection.72,sp_large_image_cmodel,,JP2,,0
pitt_collection_72_test.csv,pitt:715.65116051.CP,Wylie Avenue and Francis Street,collection.72,sp_large_image_cmodel,,JP2,,0
pitt_collection_72_test.csv,pitt:20190726-hpiasc-0089,Penn Avenue,collection.72,sp_large_image_cmodel,,JP2,,0
pitt_collection_72_test.csv,pitt:20190926-hpiasc-0031,Beechland Street,collection.72,sp_large_image_cmodel,,JP2,,0
pitt_collection_72_test.csv,pitt:715.3114491.CP,Forestry Division,collection.72,sp_large_image_cmodel,,JP2,,0
pitt_collection_72_test.csv,pitt:715.133344A.CP,Aspinwall Pumping Station,collection.72,sp_large_image_cmodel,,JP2,,0
pitt_collection_72_test.csv,pitt:715.05453.CP,Men in the Forms,collection.72,sp_large_image_cmodel,,JP2,,0
pitt_collection_72_test.csv,pitt:715.159052.CP,Students Playing at Garfield School,collection.72,sp_large_image_cmodel,,JP2,,0
pitt_collection_72_test.csv,pitt:715.70122337_14.CP,Bryant Street,collection.72,sp_large_image_cmodel,,JP2,,0
pitt_collection_72_test.csv,pitt:715.242243.CP,Arlington Avenue,collection.72,sp_large_image_cmodel,,JP2,,0
pitt_collection_72_test.csv,pitt:715.3524463.CP,Alley in the Hill District,collection.72,sp_large_image_cmodel,,JP2,,0
pitt_collection_72_test.csv,pitt:20190726-hpiasc-0047,Sidewalk Shed on Wood Street,collection.72,sp_large_image_cmodel,,JP2,,0
pitt_collection_72_test.csv,pitt:715.05677.CP,Brilliant Intake Sheeting,collection.72,sp_large_image_cmodel,,JP2,,0
pitt_collection_72_test.csv,pitt:715.071749.CP,Steam Conduit,collection.72,sp_large_image_cmodel,,JP2,,0
pitt_collection_72_test.csv,pitt:715.0587.CP,Drain Construction,collection.72,sp_large_image_cmodel,,JP2,,0
pitt_collection_72_test.csv,pitt:715.071759.CP,Coal Bunkers,collection.72,sp_large_image_cmodel,,JP2,,0
pitt_collection_72_test.csv,pitt:715.101606.CP,Shamrock Alley,collection.72,sp_large_image_cmodel,,JP2,,0
pitt_collection_72_test.csv,pitt:715.08694.CP,Augusta Street from Greenleaf Street,collection.72,sp_large_image_cmodel,,JP2,,0
pitt_collection_72_test.csv,pitt:715.101771.CP,Island Avenue Bridge,collection.72,sp_large_image_cmodel,,JP2,,0
pitt_collection_72_test.csv,pitt:715.122717.CP,Hump District,collection.72,sp_large_image_cmodel,,JP2,,0
pitt_collection_72_test.csv,pitt:715.3420012.CP,Butler Street,collection.72,sp_large_image_cmodel,,JP2,,0
pitt_collection_72_test.csv,pitt:715.3420004.CP,2nd Avenue at Lock #1,collection.72,sp_large_image_cmodel,,JP2,,0
pitt_collection_72_test.csv,pitt:715.3524799.CP,Barry Street,collection.72,sp_large_image_cmodel,,JP2,,0
pitt_collection_72_test.csv,pitt:715.3319087.CP,Center Avenue and Arthur Street,collection.72,sp_large_image_cmodel,,JP2,,0
pitt_collection_72_test.csv,pitt:715.3527040.CP,Saw Mill Run Boulevard,collection.72,sp_large_image_cmodel,,JP2,,0
pitt_collection_72_test.csv,pitt:31735073048096_40-58672-0001,Monongahela River Wharf Improvement,collection.72,sp_large_image_cmodel,,JP2,,0
pitt_collection_72_test.csv,pitt:31735073048096_40-58844-0001,County Office Building,collection.72,sp_large_image_cmodel,,JP2,,0
pitt_collection_72_test.csv,pitt:715.204897.CP,Six Inch Sewer at the Herron Hill Reservoir,collection.72,sp_large_image_cmodel,,JP2,,0
pitt_collection_72_test.csv,pitt:715.216051.CP,East Ohio Street Improvement,collection.72,sp_large_image_cmodel,,JP2,,0
pitt_collection_72_test.csv,pitt:715.216186.CP,Diamond and Ferry Streets,collection.72,sp_large_image_cmodel,,JP2,,0
pitt_collection_72_test.csv,pitt:715.221884.CP,Tire Company Billboards,collection.72,sp_large_image_cmodel,,JP2,,0
pitt_collection_72_test.csv,pitt:715.184594.CP,No. 2 Dam,collection.72,sp_large_image_cmodel,,JP2,,0
pitt_collection_72_test.csv,pitt:715.247410.CP,Spring Garden Avenue,collection.72,sp_large_image_cmodel,,JP2,,0
pitt_collection_72_test.csv,pitt:715.3525812.CP,Downtown Public Parking Lot,collection.72,sp_large_image_cmodel,,JP2,,0
pitt_collection_72_test.csv,pitt:715.4572647.CP,Waiting for the Bus,collection.72,sp_large_image_cmodel,,JP2,,0
pitt_collection_72_test.csv,pitt:715.3420013.CP,Gibbon Street,collection.72,sp_large_image_cmodel,,JP2,,0
pitt_collection_72_test.csv,pitt:715.3318899.CP,Hillsboro Drive,collection.72,sp_large_image_cmodel,,JP2,,0
pitt_collection_72_test.csv,pitt:715.4159953.CP,Pittsburgh Zoo -- Hippo Room (Interior),collection.72,sp_large_image_cmodel,,JP2,,0
pitt_collection_72_test.csv,pitt:715.4056136.CP,Road Repair,collection.72,sp_large_image_cmodel,,JP2,,0
pitt_collection_72_test.csv,pitt:715.121.CP,Riverfront Activities,collection.72,sp_large_image_cmodel,,JP2,,0
pitt_collection_72_test.csv,pitt:715.144140.CP,Panther Hollow Bridge,collection.72,sp_large_image_cmodel,,JP2,,0
pitt_collection_72_test.csv,pitt:715.3734191.CP,Webster Avenue,collection.72,sp_large_image_cmodel,,JP2,,0
pitt_collection_72_test.csv,pitt:715.08729.CP,Men on Warner Street,collection.72,sp_large_image_cmodel,,JP2,,0
pitt_collection_72_test.csv,pitt:715.201362.CP,Conditions on Bricelyn Street,collection.72,sp_large_image_cmodel,,JP2,,0
pitt_collection_72_test.csv,pitt:715.133423.CP,33rd Street Sewer,collection.72,sp_large_image_cmodel,,JP2,,0
pitt_collection_72_test.csv,pitt:715.133598.CP,Forbes Street Paving,collection.72,sp_large_image_cmodel,,JP2,,0
pitt_collection_72_test.csv,pitt:715.133227.CP,Lambert Street,collection.72,sp_large_image_cmodel,,JP2,,0
pitt_collection_72_test.csv,pitt:715.3525162.CP,1930s Homewood,collection.72,sp_large_image_cmodel,,JP2,,0
pitt_collection_72_test.csv,pitt:715.154619.CP,Stanwix Street,collection.72,sp_large_image_cmodel,,JP2,,0
pitt_collection_72_test.csv,pitt:715.154655.CP,Penn Avenue,collection.72,sp_large_image_cmodel,,JP2,,0
pitt_collection_72_test.csv,pitt:715.184621.CP,Chimney No. 4 at Aspinwall Pumping Station,collection.72,sp_large_image_cmodel,,JP2,,0
pitt_collection_72_test.csv,pitt:715.128571.CP,Chatham Street and Strawberry Way Drawing Plans,collection.72,sp_large_image_cmodel,,JP2,,0
pitt_collection_72_test.csv,pitt:715.08771.CP,Homer Street East,collection.72,sp_large_image_cmodel,,JP2,,0
pitt_collection_72_test.csv,pitt:715.1237.CP,Railroad and River,collection.72,sp_large_image_cmodel,,JP2,,0
pitt_collection_72_test.csv,pitt:715.3843290.CP,Launie's Diner,collection.72,sp_large_image_cmodel,,JP2,,0
pitt_collection_72_test.csv,pitt:715.131337.CP,Sixth Avenue Hump Cut,collection.72,sp_large_image_cmodel,,JP2,,0
pitt_collection_72_test.csv,pitt:715.131500.CP,House on Susquehanna Street,collection.72,sp_large_image_cmodel,,JP2,,0
pitt_collection_72_test.csv,pitt:715.175156.CP,Paving Between Tracks,collection.72,sp_large_image_cmodel,,JP2,,0
pitt_collection_72_test.csv,pitt:715.102534.CP,Metallurgical Property,collection.72,sp_large_image_cmodel,,JP2,,0
pitt_collection_72_test.csv,pitt:715.112196.CP,Pitt Road,collection.72,sp_large_image_cmodel,,JP2,,0
pitt_collection_72_test.csv,pitt:715.112060.CP,Lenora at Race,collection.72,sp_large_image_cmodel,,JP2,,0
pitt_collection_72_test.csv,pitt:715.112206.CP,Lenora at Meadow,collection.72,sp_large_image_cmodel,,JP2,,0
pitt_collection_72_test.csv,pitt:715.294811.CP,Taking Home Chickens,collection.72,sp_large_image_cmodel,,JP2,,0
pitt_collection_72_test.csv,pitt:715.112336.CP,South 18th Street,collection.72,sp_large_image_cmodel,,JP2,,0
pitt_collection_72_test.csv,pitt:715.118454.CP,Sewer Diagram,collection.72,sp_large_image_cmodel,,JP2,,0
pitt_collection_72_test.csv,pitt:715.3523747.CP,Eva Street,collection.72,sp_large_image_cmodel,,JP2,,0
pitt_collection_72_test.csv,pitt:715.07525.CP,Repaving Maple Avenue,collection.72,sp_large_image_cmodel,,JP2,,0
pitt_collection_72_test.csv,pitt:715.07603.CP,Lawrenceville Park,collection.72,sp_large_image_cmodel,,JP2,,0
pitt_collection_72_test.csv,pitt:715.081000.CP,Leander Street and Rust Alley,collection.72,sp_large_image_cmodel,,JP2,,0
pitt_collection_72_test.csv,pitt:715.081042.CP,Midway Avenue,collection.72,sp_large_image_cmodel,,JP2,,0
pitt_collection_72_test.csv,pitt:715.101653.CP,South 22nd Street Bridge,collection.72,sp_large_image_cmodel,,JP2,,0
pitt_collection_72_test.csv,pitt:715.08854.CP,Stone Quarry,collection.72,sp_large_image_cmodel,,JP2,,0
pitt_collection_72_test.csv,pitt:715.05664.CP,North Cofferdam After Flood,collection.72,sp_large_image_cmodel,,JP2,,0
pitt_collection_72_test.csv,pitt:715.112249.CP,Federal Street,collection.72,sp_large_image_cmodel,,JP2,,0
pitt_collection_72_test.csv,pitt:715.071658.CP,Filtration Plant Progress,collection.72,sp_large_image_cmodel,,JP2,,0
pitt_collection_72_test.csv,pitt:715.07518.CP,Arlington Avenue,collection.72,sp_large_image_cmodel,,JP2,,0
pitt_collection_72_test.csv,pitt:715.174432.CP,Labor Costs,collection.72,sp_large_image_cmodel,,JP2,,0
pitt_collection_72_test.csv,pitt:715.199165.CP,Dolls,collection.72,sp_large_image_cmodel,,JP2,,0
pitt_collection_72_test.csv,pitt:715.3628099.CP,Frankstown Avenue,collection.72,sp_large_image_cmodel,,JP2,,0
pitt_collection_72_test.csv,pitt:715.3011860.CP,Rooftop View,collection.72,sp_large_image_cmodel,,JP2,,0
pitt_collection_72_test.csv,pitt:715.172662.CP,Snow Removal,collection.72,sp_large_image_cmodel,,JP2,,0
pitt_collection_72_test.csv,pitt:715.13888.CP,Veteran Street,collection.72,sp_large_image_cmodel,,JP2,,0
pitt_collection_72_test.csv,pitt:715.118524.CP,Bigelow Boulevard Portal,collection.72,sp_large_image_cmodel,,JP2,,0
pitt_collection_72_test.csv,pitt:715.191202.CP,Singer Street Houses,collection.72,sp_large_image_cmodel,,JP2,,0
pitt_collection_72_test.csv,pitt:715.143947.CP,Municipal Hospital Interior,collection.72,sp_large_image_cmodel,,JP2,,0
pitt_collection_72_test.csv,pitt:715.16894.CP,Pioneer Avenue,collection.72,sp_large_image_cmodel,,JP2,,0
pitt_collection_72_test.csv,pitt:715.172515.CP,Sidewalk,collection.72,sp_large_image_cmodel,,JP2,,0
pitt_collection_72_test.csv,pitt:715.174570.CP,Concrete Roadway,collection.72,sp_large_image_cmodel,,JP2,,0
pitt_collection_72_test.csv,pitt:715.12569.CP,Shopping District,collection.72,sp_large_image_cmodel,,JP2,,0
pitt_collection_72_test.csv,pitt:715.131385.CP,Diamond Alley Hump Cut,collection.72,sp_large_image_cmodel,,JP2,,0
pitt_collection_72_test.csv,pitt:715.133288.CP,Sixth Avenue Hump Cut,collection.72,sp_large_image_cmodel,,JP2,,0
pitt_collection_72_test.csv,pitt:715.154181.CP,Duquesne Way and 6th Street,collection.72,sp_large_image_cmodel,,JP2,,0
pitt_collection_72_test.csv,pitt:715.221823.CP,East Street,collection.72,sp_large_image_cmodel,,JP2,,0
pitt_collection_72_test.csv,pitt:715.3114398.CP,Brahm Street,collection.72,sp_large_image_cmodel,,JP2,,0
pitt_collection_72_test.csv,pitt:715.3628699.CP,Brookline Boulevard,collection.72,sp_large_image_cmodel,,JP2,,0
pitt_collection_72_test.csv,pitt:715.3629375.CP,Merrimac Street Paving,collection.72,sp_large_image_cmodel,,JP2,,0
pitt_collection_72_test.csv,pitt:715.60108602.CP,Bakery Closed Due to Strike,collection.72,sp_large_image_cmodel,,JP2,,0
pitt_collection_72_test.csv,pitt:715.215980.CP,Crescent Street Yards,collection.72,sp_large_image_cmodel,,JP2,,0
pitt_collection_72_test.csv,pitt:715.3012868.CP,Original Oyster House,collection.72,sp_large_image_cmodel,,JP2,,0
pitt_collection_72_test.csv,pitt:715.236880.CP,Edgerton Avenue,collection.72,sp_large_image_cmodel,,JP2,,0
pitt_collection_72_test.csv,pitt:715.195585.CP,Roessler Street,collection.72,sp_large_image_cmodel,,JP2,,0
pitt_collection_72_test.csv,pitt:715.211749.CP,National Hotel,collection.72,sp_large_image_cmodel,,JP2,,0
pitt_collection_72_test.csv,pitt:715.247195.CP,Retaining Wall,collection.72,sp_large_image_cmodel,,JP2,,0
pitt_collection_72_test.csv,pitt:715.119923_5.CP,Forbes Field Auto Sales,collection.72,sp_large_image_cmodel,,JP2,,0
pitt_collection_72_test.csv,pitt:715.123065.CP,Hump Removal on Cherry Way,collection.72,sp_large_image_cmodel,,JP2,,0
pitt_collection_72_test.csv,pitt:715.122812A.CP,Ross Pumping Station,collection.72,sp_large_image_cmodel,,JP2,,0
pitt_collection_72_test.csv,pitt:715.122782.CP,Ross Pumping Station,collection.72,sp_large_image_cmodel,,JP2,,0
pitt_collection_72_test.csv,pitt:715.122880.CP,River Avenue,collection.72,sp_large_image_cmodel,,JP2,,0
pitt_collection_72_test.csv,pitt:715.122977.CP,Alger Street Improvements,collection.72,sp_large_image_cmodel,,JP2,,0
pitt_collection_72_test.csv,pitt:715.133206B.CP,Sixty Inch Steel Pipe Connections,collection.72,sp_large_image_cmodel,,JP2,,0
pitt_collection_72_test.csv,pitt:715.131303.CP,Sixth Avenue Hump Cut,collection.72,sp_large_image_cmodel,,JP2,,0
pitt_collection_72_test.csv,pitt:20190726-hpiasc-0002,Shops on Forbes Avenue,collection.72,sp_large_image_cmodel,,JP2,,0
pitt_collection_72_test.csv,pitt:715.299685.CP,Duffield Street,collection.72,sp_large_image_cmodel,,JP2,,0
pitt_collection_72_test.csv,pitt:715.05530.CP,Man with Horse and Carriage,collection.72,sp_large_image_cmodel,,JP2,,0
pitt_collection_72_test.csv,pitt:715.05576.CP,Brilliant Pumping Station,collection.72,sp_large_image_cmodel,,JP2,,0
pitt_collection_72_test.csv,pitt:715.071768.CP,Smoke Conditions,collection.72,sp_large_image_cmodel,,JP2,,0
pitt_collection_72_test.csv,pitt:715.081081.CP,Joseph Horne Company,collection.72,sp_large_image_cmodel,,JP2,,0
pitt_collection_72_test.csv,pitt:715.087747.CP,Statue at Phipps Conservatory,collection.72,sp_large_image_cmodel,,JP2,,0
pitt_collection_72_test.csv,pitt:715.08803.CP,Banksville Avenue Plate No. 4,collection.72,sp_large_image_cmodel,,JP2,,0
pitt_collection_72_test.csv,pitt:715.08922.CP,Gross and Penn,collection.72,sp_large_image_cmodel,,JP2,,0
pitt_collection_72_test.csv,pitt:715.091256.CP,Elmhurst Street Sewer,collection.72,sp_large_image_cmodel,,JP2,,0
pitt_collection_72_test.csv,pitt:715.091273.CP,Ward and Louisa,collection.72,sp_large_image_cmodel,,JP2,,0
pitt_collection_72_test.csv,pitt:715.091318.CP,Smallman and 24th,collection.72,sp_large_image_cmodel,,JP2,,0
pitt_collection_72_test.csv,pitt:715.091409.CP,Sandusky Street,collection.72,sp_large_image_cmodel,,JP2,,0
pitt_collection_72_test.csv,pitt:715.091447.CP,Reinforced Girders,collection.72,sp_large_image_cmodel,,JP2,,0
pitt_collection_72_test.csv,pitt:715.092183.CP,Filling Pier Forms,collection.72,sp_large_image_cmodel,,JP2,,0
pitt_collection_72_test.csv,pitt:715.121192.CP,Wylie Avenue Cut,collection.72,sp_large_image_cmodel,,JP2,,0
pitt_collection_72_test.csv,pitt:715.112110.CP,Duquesne Beer,collection.72,sp_large_image_cmodel,,JP2,,0
pitt_collection_72_test.csv,pitt:715.122862.CP,Lambert Street,collection.72,sp_large_image_cmodel,,JP2,,0
pitt_collection_72_test.csv,pitt:715.12311.CP,Peter Schaffner Property,collection.72,sp_large_image_cmodel,,JP2,,0
pitt_collection_72_test.csv,pitt:715.127848.CP,Phipps Conservatory,collection.72,sp_large_image_cmodel,,JP2,,0
pitt_collection_72_test.csv,pitt:715.133144A.CP,Gear Case and Pump Bed Plate,collection.72,sp_large_image_cmodel,,JP2,,0
pitt_collection_72_test.csv,pitt:715.133158.CP,South Main Street,collection.72,sp_large_image_cmodel,,JP2,,0
pitt_collection_72_test.csv,pitt:715.133321.CP,Rockland Avenue,collection.72,sp_large_image_cmodel,,JP2,,0
pitt_collection_72_test.csv,pitt:715.133402A.CP,East Basin,collection.72,sp_large_image_cmodel,,JP2,,0
pitt_collection_72_test.csv,pitt:715.133417A.CP,City Waterworks Reservoir,collection.72,sp_large_image_cmodel,,JP2,,0
pitt_collection_72_test.csv,pitt:715.122906A.CP,Ross Pumping Station,collection.72,sp_large_image_cmodel,,JP2,,0
pitt_collection_72_test.csv,pitt:715.61111331_1.CP,Arsenal Park Fun Day,collection.72,sp_large_image_cmodel,,JP2,,0
pitt_collection_72_test.csv,pitt:715.3318517.CP,Independent Order of Odd Fellows,collection.72,sp_large_image_cmodel,,JP2,,0
pitt_collection_72_test.csv,pitt:715.133445A.CP,City Waterworks Reservoir,collection.72,sp_large_image_cmodel,,JP2,,0
pitt_collection_72_test.csv,pitt:715.133454.CP,Bloomfield Bridge,collection.72,sp_large_image_cmodel,,JP2,,0
pitt_collection_72_test.csv,pitt:715.133142.CP,Street Level--Fifth Avenue at Grant Street [Blvd],collection.72,sp_large_image_cmodel,,JP2,,0
pitt_collection_72_test.csv,pitt:715.133683.CP,Working Men,collection.72,sp_large_image_cmodel,,JP2,,0
pitt_collection_72_test.csv,pitt:715.148201.CP,Diagram of North Side Point Bridge,collection.72,sp_large_image_cmodel,,JP2,,0
pitt_collection_72_test.csv,pitt:715.154077.CP,River Avenue,collection.72,sp_large_image_cmodel,,JP2,,0
pitt_collection_72_test.csv,pitt:715.231993.CP,Larimer Playground,collection.72,sp_large_image_cmodel,,JP2,,0
pitt_collection_72_test.csv,pitt:715.237019.CP,The Great Atlantic and Pacific Tea Company,collection.72,sp_large_image_cmodel,,JP2,,0
pitt_collection_72_test.csv,pitt:715.221783.CP,West Penn Park,collection.72,sp_large_image_cmodel,,JP2,,0
pitt_collection_72_test.csv,pitt:715.275187.CP,Old Point Bridge,collection.72,sp_large_image_cmodel,,JP2,,0
pitt_collection_72_test.csv,pitt:715.3011881.CP,Rutherglen Street Footbridge,collection.72,sp_large_image_cmodel,,JP2,,0
pitt_collection_72_test.csv,pitt:715.3318873.CP,Hillsboro Drive,collection.72,sp_large_image_cmodel,,JP2,,0
pitt_collection_72_test.csv,pitt:715.3319466.CP,Bradish Street,collection.72,sp_large_image_cmodel,,JP2,,0
pitt_collection_72_test.csv,pitt:715.3422000.CP,Hargnette Way Steps,collection.72,sp_large_image_cmodel,,JP2,,0
pitt_collection_72_test.csv,pitt:715.3523713.CP,Aircraft Radio Products Co.,collection.72,sp_large_image_cmodel,,JP2,,0
pitt_collection_72_test.csv,pitt:715.158594.CP,Schenley Park,collection.72,sp_large_image_cmodel,,JP2,,0
pitt_collection_72_test.csv,pitt:715.61111617_3.CP,Monongahela Incline,collection.72,sp_large_image_cmodel,,JP2,,0
pitt_collection_72_test.csv,pitt:715.L250.CP,Street Scenes,collection.72,sp_large_image_cmodel,,JP2,,0
pitt_collection_72_test.csv,pitt:715.L266.CP,Street Scenes,collection.72,sp_large_image_cmodel,,JP2,,0
pitt_collection_72_test.csv,pitt:715.192952.CP,Rosina Way,collection.72,sp_large_image_cmodel,,JP2,,0
pitt_collection_72_test.csv,pitt:715.201314.CP,"""Tomato Catsup"" Building",collection.72,sp_large_image_cmodel,,JP2,,0
pitt_collection_72_test.csv,pitt:715.205856.CP,Chas Bonini Pittsburg Ice Cream Factory,collection.72,sp_large_image_cmodel,,JP2,,0
pitt_collection_72_test.csv,pitt:715.216234.CP,Liberty and Second Avenue,collection.72,sp_large_image_cmodel,,JP2,,0
pitt_collection_72_test.csv,pitt:715.195646.CP,Marshall Avenue,collection.72,sp_large_image_cmodel,,JP2,,0
pitt_collection_72_test.csv,pitt:715.226578.CP,Washington Boulevard,collection.72,sp_large_image_cmodel,,JP2,,0
pitt_collection_72_test.csv,pitt:715.211550.CP,Baker Street Homes,collection.72,sp_large_image_cmodel,,JP2,,0
pitt_collection_72_test.csv,pitt:715.226580.CP,Boulevard of the Allies Wall Construction,collection.72,sp_large_image_cmodel,,JP2,,0
pitt_collection_72_test.csv,pitt:715.158627.CP,Schenley Park,collection.72,sp_large_image_cmodel,,JP2,,0
pitt_collection_72_test.csv,pitt:715.168801.CP,Laclede Street,collection.72,sp_large_image_cmodel,,JP2,,0
pitt_collection_72_test.csv,pitt:715.168926.CP,Woman Collecting Water,collection.72,sp_large_image_cmodel,,JP2,,0
pitt_collection_72_test.csv,pitt:715.175151.CP,Penn Avenue,collection.72,sp_large_image_cmodel,,JP2,,0
pitt_collection_72_test.csv,pitt:715.195510.CP,Eggers Street,collection.72,sp_large_image_cmodel,,JP2,,0
pitt_collection_72_test.csv,pitt:715.4159961.CP,Pittsburgh Zoo -- Elephant Room (Interior),collection.72,sp_large_image_cmodel,,JP2,,0
pitt_collection_72_test.csv,pitt:715.195584.CP,Roessler Street,collection.72,sp_large_image_cmodel,,JP2,,0
pitt_collection_72_test.csv,pitt:715.137879.CP,Riverview Park Merry-Go-Round,collection.72,sp_large_image_cmodel,,JP2,,0
pitt_collection_72_test.csv,pitt:715.154197.CP,Gate House Foundation,collection.72,sp_large_image_cmodel,,JP2,,0
pitt_collection_72_test.csv,pitt:715.154336.CP,Murray Avenue Bridge,collection.72,sp_large_image_cmodel,,JP2,,0
pitt_collection_72_test.csv,pitt:715.154434.CP,Fingal Street,collection.72,sp_large_image_cmodel,,JP2,,0
pitt_collection_72_test.csv,pitt:715.158269.CP,Mount Washington,collection.72,sp_large_image_cmodel,,JP2,,0
pitt_collection_72_test.csv,pitt:715.195527.CP,Crucible Steel Company Building,collection.72,sp_large_image_cmodel,,JP2,,0
pitt_collection_72_test.csv,pitt:715.3318105.CP,Negley Run Sewer Flood,collection.72,sp_large_image_cmodel,,JP2,,0
pitt_collection_72_test.csv,pitt:715.3627260.CP,Dollar Street,collection.72,sp_large_image_cmodel,,JP2,,0
pitt_collection_72_test.csv,pitt:715.3318184.CP,Adath Jeshurun Congregation,collection.72,sp_large_image_cmodel,,JP2,,0
pitt_collection_72_test.csv,pitt:715.07594.CP,Ponka Way and Sioux Way,collection.72,sp_large_image_cmodel,,JP2,,0
pitt_collection_72_test.csv,pitt:715.3318187.CP,North St. Clair Street,collection.72,sp_large_image_cmodel,,JP2,,0
pitt_collection_72_test.csv,pitt:715.71122491_02.CP,South 18th Street and Sarah Street,collection.72,sp_large_image_cmodel,,JP2,,0
pitt_collection_72_test.csv,pitt:715.133235A.CP,Barbeau Street Flooding,collection.72,sp_large_image_cmodel,,JP2,,0
pitt_collection_72_test.csv,pitt:715.2910607.CP,Boyd Street,collection.72,sp_large_image_cmodel,,JP2,,0
pitt_collection_72_test.csv,pitt:715.275639.CP,American Lunch,collection.72,sp_large_image_cmodel,,JP2,,0
pitt_collection_72_test.csv,pitt:715.3854661.CP,Moore Park,collection.72,sp_large_image_cmodel,,JP2,,0
pitt_collection_72_test.csv,pitt:715.3216166.CP,Oakland Street Scene,collection.72,sp_large_image_cmodel,,JP2,,0
pitt_collection_72_test.csv,pitt:715.3113962.CP,Pennzoil Gas and Lube Shop,collection.72,sp_large_image_cmodel,,JP2,,0
pitt_collection_72_test.csv,pitt:715.3951695.CP,Fifth Avenue,collection.72,sp_large_image_cmodel,,JP2,,0
pitt_collection_72_test.csv,pitt:715.3319234.CP,Bigger Street,collection.72,sp_large_image_cmodel,,JP2,,0
pitt_collection_72_test.csv,pitt:715.L43.CP,Traffic Intersection,collection.72,sp_large_image_cmodel,,JP2,,0
pitt_collection_72_test.csv,pitt:715.205058.CP,East Ohio Street,collection.72,sp_large_image_cmodel,,JP2,,0
pitt_collection_72_test.csv,pitt:715.211443.CP,Broad Street Station,collection.72,sp_large_image_cmodel,,JP2,,0
pitt_collection_72_test.csv,pitt:715.232185.CP,Flotilla Way,collection.72,sp_large_image_cmodel,,JP2,,0
pitt_collection_72_test.csv,pitt:715.245410.CP,Costumed Children,collection.72,sp_large_image_cmodel,,JP2,,0
pitt_collection_72_test.csv,pitt:715.247367.CP,Semicir Street,collection.72,sp_large_image_cmodel,,JP2,,0
pitt_collection_72_test.csv,pitt:715.247398.CP,South 8th Street,collection.72,sp_large_image_cmodel,,JP2,,0
pitt_collection_72_test.csv,pitt:715.299364.CP,Clean-Up Paint- Up,collection.72,sp_large_image_cmodel,,JP2,,0
pitt_collection_72_test.csv,pitt:715.5184900.CP,Man Standing Near A Storefront,collection.72,sp_large_image_cmodel,,JP2,,0
pitt_collection_72_test.csv,pitt:715.5184984.CP,Crowded Downtown Street,collection.72,sp_large_image_cmodel,,JP2,,0
pitt_collection_72_test.csv,pitt:715.60109116.CP,Parklet,collection.72,sp_large_image_cmodel,,JP2,,0
pitt_collection_72_test.csv,pitt:715.L204.CP,Schenley Park,collection.72,sp_large_image_cmodel,,JP2,,0
pitt_collection_72_test.csv,pitt:715.201373.CP,Shaler Street,collection.72,sp_large_image_cmodel,,JP2,,0
pitt_collection_72_test.csv,pitt:715.4267393.CP,Fort Pitt Block House,collection.72,sp_large_image_cmodel,,JP2,,0
pitt_collection_72_test.csv,pitt:715.0566.CP,Reservoir Site from Railroad Incline,collection.72,sp_large_image_cmodel,,JP2,,0
pitt_collection_72_test.csv,pitt:715.061188.CP,Construction,collection.72,sp_large_image_cmodel,,JP2,,0
pitt_collection_72_test.csv,pitt:715.061316.CP,Pumping Station Looking Southwest,collection.72,sp_large_image_cmodel,,JP2,,0
pitt_collection_72_test.csv,pitt:715.133725.CP,Men Gather After 33rd Street Sewer Explosion,collection.72,sp_large_image_cmodel,,JP2,,0
pitt_collection_72_test.csv,pitt:715.13849.CP,Panama Alley,collection.72,sp_large_image_cmodel,,JP2,,0
pitt_collection_72_test.csv,pitt:715.122759A.CP,Repaving of Fifth Avenue,collection.72,sp_large_image_cmodel,,JP2,,0
pitt_collection_72_test.csv,pitt:715.122830.CP,Hump District,collection.72,sp_large_image_cmodel,,JP2,,0
pitt_collection_72_test.csv,pitt:715.143789.CP,Lanpher Reservoir,collection.72,sp_large_image_cmodel,,JP2,,0
pitt_collection_72_test.csv,pitt:715.143949.CP,Steel Line River Crossing,collection.72,sp_large_image_cmodel,,JP2,,0
pitt_collection_72_test.csv,pitt:715.154190.CP,Municipal Hospital,collection.72,sp_large_image_cmodel,,JP2,,0
pitt_collection_72_test.csv,pitt:715.143969.CP,Steam Engine at Lanpher Reservoir,collection.72,sp_large_image_cmodel,,JP2,,0
pitt_collection_72_test.csv,pitt:715.08736.CP,Fairmount Street Wall,collection.72,sp_large_image_cmodel,,JP2,,0
pitt_collection_72_test.csv,pitt:715.05454.CP,Excavating the Gallery,collection.72,sp_large_image_cmodel,,JP2,,0
pitt_collection_72_test.csv,pitt:715.071849.CP,Pump No. 6,collection.72,sp_large_image_cmodel,,JP2,,0
pitt_collection_72_test.csv,pitt:715.081994.CP,Filter No. 33.,collection.72,sp_large_image_cmodel,,JP2,,0
pitt_collection_72_test.csv,pitt:715.102546.CP,Calculation Book,collection.72,sp_large_image_cmodel,,JP2,,0
pitt_collection_72_test.csv,pitt:715.111955.CP,West Carson Street,collection.72,sp_large_image_cmodel,,JP2,,0
pitt_collection_72_test.csv,pitt:715.112134.CP,North Side Flood District,collection.72,sp_large_image_cmodel,,JP2,,0
pitt_collection_72_test.csv,pitt:715.112454.CP,Carson at Tabor,collection.72,sp_large_image_cmodel,,JP2,,0
pitt_collection_72_test.csv,pitt:715.08929.CP,Brady Street Bridge,collection.72,sp_large_image_cmodel,,JP2,,0
pitt_collection_72_test.csv,pitt:715.121002.CP,Wirsing Drug Company,collection.72,sp_large_image_cmodel,,JP2,,0
pitt_collection_72_test.csv,pitt:715.122530.CP,North Side Flood District Filling,collection.72,sp_large_image_cmodel,,JP2,,0
pitt_collection_72_test.csv,pitt:715.123019A.CP,Architectural Rendering of Murray Avenue Bridge,collection.72,sp_large_image_cmodel,,JP2,,0
pitt_collection_72_test.csv,pitt:715.133405.CP,33rd Street Relief Sewer,collection.72,sp_large_image_cmodel,,JP2,,0
pitt_collection_72_test.csv,pitt:715.143988.CP,Murray Avenue Bridge,collection.72,sp_large_image_cmodel,,JP2,,0
pitt_collection_72_test.csv,pitt:715.144327.CP,Pittsburgh Gazette Times,collection.72,sp_large_image_cmodel,,JP2,,0
pitt_collection_72_test.csv,pitt:715.154430.CP,Manchester Bridge,collection.72,sp_large_image_cmodel,,JP2,,0
pitt_collection_72_test.csv,pitt:715.168813.CP,Hump Properties,collection.72,sp_large_image_cmodel,,JP2,,0
pitt_collection_72_test.csv,pitt:715.172474.CP,Double-Decker Street Car,collection.72,sp_large_image_cmodel,,JP2,,0
pitt_collection_72_test.csv,pitt:715.172673.CP,Snow Removal,collection.72,sp_large_image_cmodel,,JP2,,0
pitt_collection_72_test.csv,pitt:715.174427.CP,Allegheny River Evaluation,collection.72,sp_large_image_cmodel,,JP2,,0
pitt_collection_72_test.csv,pitt:715.175215.CP,Penn Avenue Paving,collection.72,sp_large_image_cmodel,,JP2,,0
pitt_collection_72_test.csv,pitt:715.191222.CP,Exeter Street Houses,collection.72,sp_large_image_cmodel,,JP2,,0
pitt_collection_72_test.csv,pitt:715.195470.CP,Koerner Avenue,collection.72,sp_large_image_cmodel,,JP2,,0
pitt_collection_72_test.csv,pitt:715.195639.CP,West Carson Street,collection.72,sp_large_image_cmodel,,JP2,,0
pitt_collection_72_test.csv,pitt:715.199159.CP,Subway Campaign,collection.72,sp_large_image_cmodel,,JP2,,0
pitt_collection_72_test.csv,pitt:715.112223.CP,Sherwood at Landis,collection.72,sp_large_image_cmodel,,JP2,,0
pitt_collection_72_test.csv,pitt:715.61111418.CP,Oliver Bath House,collection.72,sp_large_image_cmodel,,JP2,,0
pitt_collection_72_test.csv,pitt:715.79128913.CP,Pelican at the Zoo,collection.72,sp_large_image_cmodel,,JP2,,0
pitt_collection_72_test.csv,pitt:715.L226.CP,Billboards,collection.72,sp_large_image_cmodel,,JP2,,0
pitt_collection_72_test.csv,pitt:715.L231.CP,Advertisements,collection.72,sp_large_image_cmodel,,JP2,,0
pitt_collection_72_test.csv,pitt:715.3526417.CP,Joe Dobbs for Constable,collection.72,sp_large_image_cmodel,,JP2,,0
pitt_collection_72_test.csv,pitt:715.131333.CP,Wylie Avenue Hump Cut,collection.72,sp_large_image_cmodel,,JP2,,0
pitt_collection_72_test.csv,pitt:715.131450.CP,Washington Street Bridge,collection.72,sp_large_image_cmodel,,JP2,,0
pitt_collection_72_test.csv,pitt:715.133314.CP,Diamond Street Hump Cut,collection.72,sp_large_image_cmodel,,JP2,,0
pitt_collection_72_test.csv,pitt:715.133455.CP,Bridge View,collection.72,sp_large_image_cmodel,,JP2,,0
pitt_collection_72_test.csv,pitt:715.133540A.CP,Aspinwall Pumping Station,collection.72,sp_large_image_cmodel,,JP2,,0
pitt_collection_72_test.csv,pitt:715.133694.CP,Murray Avenue Bridge,collection.72,sp_large_image_cmodel,,JP2,,0
pitt_collection_72_test.csv,pitt:715.133711.CP,Corliss Street,collection.72,sp_large_image_cmodel,,JP2,,0
pitt_collection_72_test.csv,pitt:715.133791.CP,Emergency Work,collection.72,sp_large_image_cmodel,,JP2,,0
pitt_collection_72_test.csv,pitt:715.168698.CP,Market House Interior,collection.72,sp_large_image_cmodel,,JP2,,0
pitt_collection_72_test.csv,pitt:715.175005.CP,Repaving,collection.72,sp_large_image_cmodel,,JP2,,0
pitt_collection_72_test.csv,pitt:715.168811.CP,Downtown Cityscape,collection.72,sp_large_image_cmodel,,JP2,,0
pitt_collection_72_test.csv,pitt:715.191130.CP,Creedmoor Avenue Houses,collection.72,sp_large_image_cmodel,,JP2,,0
pitt_collection_72_test.csv,pitt:715.179097.CP,Ice Skating in the Park,collection.72,sp_large_image_cmodel,,JP2,,0
pitt_collection_72_test.csv,pitt:715.195530.CP,Wheatland Street,collection.72,sp_large_image_cmodel,,JP2,,0
pitt_collection_72_test.csv,pitt:715.05330.CP,Construction by the Tracks,collection.72,sp_large_image_cmodel,,JP2,,0
pitt_collection_72_test.csv,pitt:715.192944.CP,Property Below Holmes Street,collection.72,sp_large_image_cmodel,,JP2,,0
pitt_collection_72_test.csv,pitt:715.144143.CP,Frick Park,collection.72,sp_large_image_cmodel,,JP2,,0
pitt_collection_72_test.csv,pitt:715.144285.CP,Sylvan Avenue Bridge,collection.72,sp_large_image_cmodel,,JP2,,0
pitt_collection_72_test.csv,pitt:715.152102.CP,Mentor Alley,collection.72,sp_large_image_cmodel,,JP2,,0
pitt_collection_72_test.csv,pitt:715.152133.CP,Fort Pitt Hat Company,collection.72,sp_large_image_cmodel,,JP2,,0
pitt_collection_72_test.csv,pitt:715.143700.CP,Lanpher Reservoir,collection.72,sp_large_image_cmodel,,JP2,,0
pitt_collection_72_test.csv,pitt:715.154606.CP,West Liberty Avenue,collection.72,sp_large_image_cmodel,,JP2,,0
pitt_collection_72_test.csv,pitt:715.158606.CP,Schenley Park,collection.72,sp_large_image_cmodel,,JP2,,0
pitt_collection_72_test.csv,pitt:715.164369.CP,Aspinwall Views,collection.72,sp_large_image_cmodel,,JP2,,0
pitt_collection_72_test.csv,pitt:715.204866.CP,Mixing Plant,collection.72,sp_large_image_cmodel,,JP2,,0
pitt_collection_72_test.csv,pitt:715.211490.CP,Swan Way Houses,collection.72,sp_large_image_cmodel,,JP2,,0
pitt_collection_72_test.csv,pitt:715.216369.CP,Soho Run Tunnel Sewer,collection.72,sp_large_image_cmodel,,JP2,,0
pitt_collection_72_test.csv,pitt:715.201369.CP,Bricelyn Street,collection.72,sp_large_image_cmodel,,JP2,,0
pitt_collection_72_test.csv,pitt:715.226443.CP,Hazelwood Avenue Relief Sewer,collection.72,sp_large_image_cmodel,,JP2,,0
pitt_collection_72_test.csv,pitt:715.232011.CP,The Third Church of Christian Scientists,collection.72,sp_large_image_cmodel,,JP2,,0
pitt_collection_72_test.csv,pitt:715.205876.CP,Mt. Oliver Street,collection.72,sp_large_image_cmodel,,JP2,,0
pitt_collection_72_test.csv,pitt:715.262135.CP,California Avenue Bridge,collection.72,sp_large_image_cmodel,,JP2,,0
pitt_collection_72_test.csv,pitt:715.275590.CP,Monongahela Wharf Parking,collection.72,sp_large_image_cmodel,,JP2,,0
pitt_collection_72_test.csv,pitt:715.2911017.CP,"Water Spraying From 6"" Main Break",collection.72,sp_large_image_cmodel,,JP2,,0
pitt_collection_72_test.csv,pitt:715.247520.CP,Boggs Avenue,collection.72,sp_large_image_cmodel,,JP2,,0
pitt_collection_72_test.csv,pitt:715.247352.CP,Wakefield Street,collection.72,sp_large_image_cmodel,,JP2,,0
pitt_collection_72_test.csv,pitt:715.3319089.CP,Cecil's Drug Store,collection.72,sp_large_image_cmodel,,JP2,,0
pitt_collection_72_test.csv,pitt:715.122708A.CP,Hump District,collection.72,sp_large_image_cmodel,,JP2,,0
pitt_collection_72_test.csv,pitt:715.092398.CP,Burning Stumps,collection.72,sp_large_image_cmodel,,JP2,,0
pitt_collection_72_test.csv,pitt:715.122814A.CP,Ross Pumping Station,collection.72,sp_large_image_cmodel,,JP2,,0
pitt_collection_72_test.csv,pitt:715.122995A.CP,Ross Pumping Station,collection.72,sp_large_image_cmodel,,JP2,,0
pitt_collection_72_test.csv,pitt:715.128564.CP,Grant Street Drawing Plans,collection.72,sp_large_image_cmodel,,JP2,,0
pitt_collection_72_test.csv,pitt:715.131278.CP,Lemon Alley,collection.72,sp_large_image_cmodel,,JP2,,0
pitt_collection_72_test.csv,pitt:715.122564.CP,Improvement of Hump,collection.72,sp_large_image_cmodel,,JP2,,0
pitt_collection_72_test.csv,pitt:715.236739.CP,Cassatt and Crescent Streets,collection.72,sp_large_image_cmodel,,JP2,,0
pitt_collection_72_test.csv,pitt:715.236827.CP,Spring Garden Avenue,collection.72,sp_large_image_cmodel,,JP2,,0
pitt_collection_72_test.csv,pitt:715.111946.CP,Waltz and Homer,collection.72,sp_large_image_cmodel,,JP2,,0
pitt_collection_72_test.csv,pitt:715.11197.CP,Brooch Alley,collection.72,sp_large_image_cmodel,,JP2,,0
pitt_collection_72_test.csv,pitt:715.5594041.CP,Federal Cold Storage,collection.72,sp_large_image_cmodel,,JP2,,0
pitt_collection_72_test.csv,pitt:715.112167.CP,Excavation for Culvert,collection.72,sp_large_image_cmodel,,JP2,,0
pitt_collection_72_test.csv,pitt:715.112354.CP,Excavation for Walls,collection.72,sp_large_image_cmodel,,JP2,,0
pitt_collection_72_test.csv,pitt:715.112362.CP,Try Way Sewer,collection.72,sp_large_image_cmodel,,JP2,,0
pitt_collection_72_test.csv,pitt:715.061190.CP,Reservoir Looking West,collection.72,sp_large_image_cmodel,,JP2,,0
pitt_collection_72_test.csv,pitt:715.071695.CP,Freeport Road,collection.72,sp_large_image_cmodel,,JP2,,0
pitt_collection_72_test.csv,pitt:715.07396.CP,Grandview Avenue,collection.72,sp_large_image_cmodel,,JP2,,0
pitt_collection_72_test.csv,pitt:715.081961.CP,Panoramic View of Finished Top,collection.72,sp_large_image_cmodel,,JP2,,0
pitt_collection_72_test.csv,pitt:715.101718.CP,Wyoming Street at Virginia Avenue,collection.72,sp_large_image_cmodel,,JP2,,0
pitt_collection_72_test.csv,pitt:715.122689.CP,Hump District,collection.72,sp_large_image_cmodel,,JP2,,0
pitt_collection_72_test.csv,pitt:715.101730.CP,Duncan Street,collection.72,sp_large_image_cmodel,,JP2,,0
pitt_collection_72_test.csv,pitt:20190926-hpiasc-0029,Water Main Break at Liberty Avenue,collection.72,sp_large_image_cmodel,,JP2,,0
pitt_collection_72_test.csv,pitt:715.121033.CP,Webster and Tunnel,collection.72,sp_large_image_cmodel,,JP2,,0
pitt_collection_72_test.csv,pitt:715.143668.CP,Lanpher Reservoir,collection.72,sp_large_image_cmodel,,JP2,,0
pitt_collection_72_test.csv,pitt:715.05151.CP,Work Progress,collection.72,sp_large_image_cmodel,,JP2,,0
pitt_collection_72_test.csv,pitt:715.70122316_14.CP,Burton's Market,collection.72,sp_large_image_cmodel,,JP2,,0
pitt_collection_72_test.csv,pitt:715.101834.CP,Ohio Street Repaving,collection.72,sp_large_image_cmodel,,JP2,,0
pitt_collection_72_test.csv,pitt:715.102537.CP,North Filters,collection.72,sp_large_image_cmodel,,JP2,,0
pitt_collection_72_test.csv,pitt:715.122690A.CP,Hump District,collection.72,sp_large_image_cmodel,,JP2,,0
pitt_collection_72_test.csv,pitt:715.112087.CP,Union Bridge,collection.72,sp_large_image_cmodel,,JP2,,0
pitt_collection_72_test.csv,pitt:715.122896A.CP,Ross Pumping Station,collection.72,sp_large_image_cmodel,,JP2,,0
pitt_collection_72_test.csv,pitt:715.4055106.CP,The Press,collection.72,sp_large_image_cmodel,,JP2,,0
pitt_collection_72_test.csv,pitt:715.12337.CP,William Hall Property,collection.72,sp_large_image_cmodel,,JP2,,0
pitt_collection_72_test.csv,pitt:715.131489.CP,Houses on Tioga Street,collection.72,sp_large_image_cmodel,,JP2,,0
pitt_collection_72_test.csv,pitt:715.133120.CP,33rd Street Drainage Basin,collection.72,sp_large_image_cmodel,,JP2,,0
pitt_collection_72_test.csv,pitt:715.3114108.CP,Lining Nine Mile Run,collection.72,sp_large_image_cmodel,,JP2,,0
pitt_collection_72_test.csv,pitt:715.143799.CP,Newland Road,collection.72,sp_large_image_cmodel,,JP2,,0
pitt_collection_72_test.csv,pitt:715.07521.CP,Bailey Avenue,collection.72,sp_large_image_cmodel,,JP2,,0
pitt_collection_72_test.csv,pitt:715.07551.CP,Jancey Street Angle,collection.72,sp_large_image_cmodel,,JP2,,0
pitt_collection_72_test.csv,pitt:715.144123.CP,Haights Run Bridge,collection.72,sp_large_image_cmodel,,JP2,,0
pitt_collection_72_test.csv,pitt:715.097775.CP,Bridle Path,collection.72,sp_large_image_cmodel,,JP2,,0
pitt_collection_72_test.csv,pitt:715.092178.CP,Vaulting from Embankment,collection.72,sp_large_image_cmodel,,JP2,,0
pitt_collection_72_test.csv,pitt:715.081011.CP,Lemington Avenue Crown,collection.72,sp_large_image_cmodel,,JP2,,0
pitt_collection_72_test.csv,pitt:715.122802A.CP,Hump District,collection.72,sp_large_image_cmodel,,JP2,,0
pitt_collection_72_test.csv,pitt:715.123068.CP,Hump Removal on Grant Street,collection.72,sp_large_image_cmodel,,JP2,,0
pitt_collection_72_test.csv,pitt:715.133206.CP,Cherry Way Hump Cut,collection.72,sp_large_image_cmodel,,JP2,,0
pitt_collection_72_test.csv,pitt:715.05427.CP,Revetment Looking East,collection.72,sp_large_image_cmodel,,JP2,,0
pitt_collection_72_test.csv,pitt:715.061104A.CP,Superintendent's Stable,collection.72,sp_large_image_cmodel,,JP2,,0
pitt_collection_72_test.csv,pitt:715.061136.CP,Condemned Pillars,collection.72,sp_large_image_cmodel,,JP2,,0
pitt_collection_72_test.csv,pitt:715.60108400.CP,Downtown Street Scene,collection.72,sp_large_image_cmodel,,JP2,,0
pitt_collection_72_test.csv,pitt:715.112075.CP,Finkelhor Bros,collection.72,sp_large_image_cmodel,,JP2,,0
pitt_collection_72_test.csv,pitt:715.62112019_4.CP,Frick Park Dedication,collection.72,sp_large_image_cmodel,,JP2,,0
pitt_collection_72_test.csv,pitt:715.261678.CP,Family on the Porch,collection.72,sp_large_image_cmodel,,JP2,,0
pitt_collection_72_test.csv,pitt:715.287253.CP,Houses on Schenley Avenue,collection.72,sp_large_image_cmodel,,JP2,,0
pitt_collection_72_test.csv,pitt:715.245406.CP,Armour Way,collection.72,sp_large_image_cmodel,,JP2,,0
pitt_collection_72_test.csv,pitt:715.3317832.CP,Battista's Fruits and Groceries,collection.72,sp_large_image_cmodel,,JP2,,0
pitt_collection_72_test.csv,pitt:715.3523824.CP,Grant Street Buildings,collection.72,sp_large_image_cmodel,,JP2,,0
pitt_collection_72_test.csv,pitt:715.3525223.CP,West Ohio Street Scene,collection.72,sp_large_image_cmodel,,JP2,,0
pitt_collection_72_test.csv,pitt:715.13955.CP,Houses on Wenzel Way,collection.72,sp_large_image_cmodel,,JP2,,0
pitt_collection_72_test.csv,pitt:715.4267366.CP,Rosenbaum's,collection.72,sp_large_image_cmodel,,JP2,,0
pitt_collection_72_test.csv,pitt:715.05269.CP,Crossing the Tracks,collection.72,sp_large_image_cmodel,,JP2,,0
pitt_collection_72_test.csv,pitt:715.175148.CP,Electric Street,collection.72,sp_large_image_cmodel,,JP2,,0
pitt_collection_72_test.csv,pitt:715.081104.CP,Forward and Anthony,collection.72,sp_large_image_cmodel,,JP2,,0
pitt_collection_72_test.csv,pitt:715.191223.CP,Exeter Street House,collection.72,sp_large_image_cmodel,,JP2,,0
pitt_collection_72_test.csv,pitt:715.175111.CP,Negley Avenue,collection.72,sp_large_image_cmodel,,JP2,,0
pitt_collection_72_test.csv,pitt:715.199157.CP,Subway Campaign Map,collection.72,sp_large_image_cmodel,,JP2,,0
pitt_collection_72_test.csv,pitt:715.211413.CP,Brownsville Avenue,collection.72,sp_large_image_cmodel,,JP2,,0
pitt_collection_72_test.csv,pitt:715.226557.CP,Boulevard of the Allies Wall Construction,collection.72,sp_large_image_cmodel,,JP2,,0
pitt_collection_72_test.csv,pitt:715.133256.CP,Schmidt Grocery during 1913 Flood,collection.72,sp_large_image_cmodel,,JP2,,0
pitt_collection_72_test.csv,pitt:715.148181.CP,Diagrams of the North Side Point Bridge,collection.72,sp_large_image_cmodel,,JP2,,0
pitt_collection_72_test.csv,pitt:715.143833.CP,E. Keeler Company,collection.72,sp_large_image_cmodel,,JP2,,0
pitt_collection_72_test.csv,pitt:715.06785.CP,Test of Main Collector,collection.72,sp_large_image_cmodel,,JP2,,0
pitt_collection_72_test.csv,pitt:715.144311.CP,Corliss Street Improvements,collection.72,sp_large_image_cmodel,,JP2,,0
pitt_collection_72_test.csv,pitt:715.071689.CP,Filtration Plant Progress,collection.72,sp_large_image_cmodel,,JP2,,0
pitt_collection_72_test.csv,pitt:715.3114194.CP,Pelligrini Trading Co.,collection.72,sp_large_image_cmodel,,JP2,,0
pitt_collection_72_test.csv,pitt:715.154637.CP,Exposition Park on the North Shore,collection.72,sp_large_image_cmodel,,JP2,,0
pitt_collection_72_test.csv,pitt:715.232020.CP,Kelvin Street,collection.72,sp_large_image_cmodel,,JP2,,0
pitt_collection_72_test.csv,pitt:715.236987.CP,Spring Garden Avenue,collection.72,sp_large_image_cmodel,,JP2,,0
pitt_collection_72_test.csv,pitt:715.237044.CP,Loreda Street,collection.72,sp_large_image_cmodel,,JP2,,0
pitt_collection_72_test.csv,pitt:715.242198.CP,West Carson Street,collection.72,sp_large_image_cmodel,,JP2,,0
pitt_collection_72_test.csv,pitt:715.242707.CP,Los Angeles Avenue,collection.72,sp_large_image_cmodel,,JP2,,0
pitt_collection_72_test.csv,pitt:715.261151.CP,Boy's League,collection.72,sp_large_image_cmodel,,JP2,,0
pitt_collection_72_test.csv,pitt:715.70122350_13.CP,Wood Street and Oliver Avenue,collection.72,sp_large_image_cmodel,,JP2,,0
pitt_collection_72_test.csv,pitt:715.3216471.CP,Allegheny River,collection.72,sp_large_image_cmodel,,JP2,,0
pitt_collection_72_test.csv,pitt:715.06795.CP,Water Test,collection.72,sp_large_image_cmodel,,JP2,,0
pitt_collection_72_test.csv,pitt:715.195429.CP,Cassina Way,collection.72,sp_large_image_cmodel,,JP2,,0
pitt_collection_72_test.csv,pitt:715.3318924.CP,Olivant Street,collection.72,sp_large_image_cmodel,,JP2,,0
pitt_collection_72_test.csv,pitt:715.144233.CP,33rd Street South,collection.72,sp_large_image_cmodel,,JP2,,0
pitt_collection_72_test.csv,pitt:715.144074.CP,Reconstruction,collection.72,sp_large_image_cmodel,,JP2,,0
pitt_collection_72_test.csv,pitt:715.08681.CP,22nd Street Bridge,collection.72,sp_large_image_cmodel,,JP2,,0
pitt_collection_72_test.csv,pitt:715.175012.CP,Arbor Street Wall,collection.72,sp_large_image_cmodel,,JP2,,0
pitt_collection_72_test.csv,pitt:715.191213.CP,Railroad Tracks,collection.72,sp_large_image_cmodel,,JP2,,0
pitt_collection_72_test.csv,pitt:715.226513.CP,Brownsville Avenue,collection.72,sp_large_image_cmodel,,JP2,,0
pitt_collection_72_test.csv,pitt:715.thomas01.CP,St. Thomas Street,collection.72,sp_large_image_cmodel,,JP2,,0
pitt_collection_72_test.csv,pitt:715.3318872.CP,Hillsboro Drive,collection.72,sp_large_image_cmodel,,JP2,,0
pitt_collection_72_test.csv,pitt:715.3628656.CP,27th Ward Women's Community Association,collection.72,sp_large_image_cmodel,,JP2,,0
pitt_collection_72_test.csv,pitt:715.3629005.CP,North Negley Avenue,collection.72,sp_large_image_cmodel,,JP2,,0
pitt_collection_72_test.csv,pitt:715.3318212.CP,Dollar Street,collection.72,sp_large_image_cmodel,,JP2,,0
pitt_collection_72_test.csv,pitt:715.63112592_2.CP,Ormsby Rec Center,collection.72,sp_large_image_cmodel,,JP2,,0
pitt_collection_72_test.csv,pitt:715.195662.CP,West Carson Street,collection.72,sp_large_image_cmodel,,JP2,,0
pitt_collection_72_test.csv,pitt:715.218415.CP,Bigelow Boulevard Tablet,collection.72,sp_large_image_cmodel,,JP2,,0
pitt_collection_72_test.csv,pitt:715.25400.CP,Kids on the Porch,collection.72,sp_large_image_cmodel,,JP2,,0
pitt_collection_72_test.csv,pitt:715.286186.CP,Hungarian Delegation,collection.72,sp_large_image_cmodel,,JP2,,0
pitt_collection_72_test.csv,pitt:715.2912002.CP,Pittsburgh,collection.72,sp_large_image_cmodel,,JP2,,0
pitt_collection_72_test.csv,pitt:715.299003.CP,North Shore,collection.72,sp_large_image_cmodel,,JP2,,0
pitt_collection_72_test.csv,pitt:715.3113381.CP,Old Stone Tavern,collection.72,sp_large_image_cmodel,,JP2,,0
pitt_collection_72_test.csv,pitt:715.2910880.CP,Maytide Street,collection.72,sp_large_image_cmodel,,JP2,,0
pitt_collection_72_test.csv,pitt:715.154253.CP,Brilliant Pumping Station,collection.72,sp_large_image_cmodel,,JP2,,0
pitt_collection_72_test.csv,pitt:715.16815.CP,Lelia Street,collection.72,sp_large_image_cmodel,,JP2,,0
pitt_collection_72_test.csv,pitt:715.143598.CP,Aspinwall Pumping Station,collection.72,sp_large_image_cmodel,,JP2,,0
pitt_collection_72_test.csv,pitt:715.182627.CP,Warrington Avenue Homes,collection.72,sp_large_image_cmodel,,JP2,,0
pitt_collection_72_test.csv,pitt:715.185335.CP,East Street Trolley Tracks,collection.72,sp_large_image_cmodel,,JP2,,0
pitt_collection_72_test.csv,pitt:715.219249.CP,Swearing in of Director Alderdice,collection.72,sp_large_image_cmodel,,JP2,,0
pitt_collection_72_test.csv,pitt:715.3735375.CP,Grandview Park,collection.72,sp_large_image_cmodel,,JP2,,0
pitt_collection_72_test.csv,pitt:715.L153.CP,Anti-Semitic Letter,collection.72,sp_large_image_cmodel,,JP2,,0
pitt_collection_72_test.csv,pitt:715.061126.CP,Cofferdam After Flood,collection.72,sp_large_image_cmodel,,JP2,,0
pitt_collection_72_test.csv,pitt:715.3318884.CP,Chartiers Avenue,collection.72,sp_large_image_cmodel,,JP2,,0
pitt_collection_72_test.csv,pitt:715.133676.CP,Gala Alley,collection.72,sp_large_image_cmodel,,JP2,,0
pitt_collection_72_test.csv,pitt:715.3630316.CP,Samuel Costa Restaurant,collection.72,sp_large_image_cmodel,,JP2,,0
pitt_collection_72_test.csv,pitt:715.13878.CP,Hoosac Street,collection.72,sp_large_image_cmodel,,JP2,,0
pitt_collection_72_test.csv,pitt:715.3525683.CP,Second Avenue,collection.72,sp_large_image_cmodel,,JP2,,0
pitt_collection_72_test.csv,pitt:715.143971.CP,Lanpher Reservoir Workers,collection.72,sp_large_image_cmodel,,JP2,,0
pitt_collection_72_test.csv,pitt:715.143982.CP,Montrose Pumping Station,collection.72,sp_large_image_cmodel,,JP2,,0
pitt_collection_72_test.csv,pitt:715.144198.CP,Manchester Bridge,collection.72,sp_large_image_cmodel,,JP2,,0
pitt_collection_72_test.csv,pitt:715.3628241.CP,Charles Street,collection.72,sp_large_image_cmodel,,JP2,,0
pitt_collection_72_test.csv,pitt:715.133135A.CP,Lanpher Reservoir,collection.72,sp_large_image_cmodel,,JP2,,0
pitt_collection_72_test.csv,pitt:715.133241.CP,Penn Avenue Flooding,collection.72,sp_large_image_cmodel,,JP2,,0
pitt_collection_72_test.csv,pitt:715.133328A.CP,Excess Materials,collection.72,sp_large_image_cmodel,,JP2,,0
pitt_collection_72_test.csv,pitt:715.1249.CP,Beneath the Arch,collection.72,sp_large_image_cmodel,,JP2,,0
pitt_collection_72_test.csv,pitt:715.131484.CP,Houses on North Braddock Avenue,collection.72,sp_large_image_cmodel,,JP2,,0
